[
  {
    "artistName": "Julian Casablancas",
    "segment": "Previously Active Listeners"
  },
  {
    "artistName": "Glass Animals",
    "segment": "Light listeners"
  },
  {
    "artistName": "Phillipa Soo",
    "segment": "Previously Active Listeners"
  },
  {
    "artistName": "Noah Kahan",
    "segment": "Moderate listeners"
  },
  {
    "artistName": "Carly Rae Jepsen",
    "segment": "Light listeners"
  },
  {
    "artistName": "The Salsoul Orchestra",
    "segment": "Previously Active Listeners"
  },
  {
    "artistName": "Karmin",
    "segment": "Previously Active Listeners"
  },
  {
    "artistName": "James Taylor",
    "segment": "Previously Active Listeners"
  },
  {
    "artistName": "Eagles",
    "segment": "Previously Active Listeners"
  },
  {
    "artistName": "Crosby, Stills & Nash",
    "segment": "Light listeners"
  },
  {
    "artistName": "Khalid",
    "segment": "Light listeners"
  },
  {
    "artistName": "Lionel Richie",
    "segment": "Previously Active Listeners"
  },
  {
    "artistName": "Sebastian Yatra",
    "segment": "Previously Active Listeners"
  },
  {
    "artistName": "Uncle Kracker",
    "segment": "Previously Active Listeners"
  },
  {
    "artistName": "girl in red",
    "segment": "Previously Active Listeners"
  },
  {
    "artistName": "Descemer Bueno",
    "segment": "Previously Active Listeners"
  },
  {
    "artistName": "Allison Russell",
    "segment": "Previously Active Listeners"
  },
  {
    "artistName": "St. Vincent",
    "segment": "Previously Active Listeners"
  },
  {
    "artistName": "Switchfoot",
    "segment": "Light listeners"
  },
  {
    "artistName": "Black Eyed Peas",
    "segment": "Previously Active Listeners"
  },
  {
    "artistName": "Son Lux",
    "segment": "Previously Active Listeners"
  },
  {
    "artistName": "Crowded House",
    "segment": "Light listeners"
  },
  {
    "artistName": "Avicii",
    "segment": "Previously Active Listeners"
  },
  {
    "artistName": "Young the Giant",
    "segment": "Previously Active Listeners"
  },
  {
    "artistName": "Biz Markie",
    "segment": "Previously Active Listeners"
  },
  {
    "artistName": "Edward Sharpe & The Magnetic Zeros",
    "segment": "Previously Active Listeners"
  },
  {
    "artistName": "Luis Fonsi",
    "segment": "Previously Active Listeners"
  },
  {
    "artistName": "Eve",
    "segment": "Previously Active Listeners"
  },
  {
    "artistName": "Baby Keem",
    "segment": "Previously Active Listeners"
  },
  {
    "artistName": "Swae Lee",
    "segment": "Light listeners"
  },
  {
    "artistName": "Tim McGraw",
    "segment": "Previously Active Listeners"
  },
  {
    "artistName": "Rina Sawayama",
    "segment": "Previously Active Listeners"
  },
  {
    "artistName": "Hilary Duff",
    "segment": "Previously Active Listeners"
  },
  {
    "artistName": "Don Toliver",
    "segment": "Previously Active Listeners"
  },
  {
    "artistName": "The Smiths",
    "segment": "Previously Active Listeners"
  },
  {
    "artistName": "André Rieu",
    "segment": "Previously Active Listeners"
  },
  {
    "artistName": "Christopher Fitzgerald",
    "segment": "Previously Active Listeners"
  },
  {
    "artistName": "BODHI",
    "segment": "Light listeners"
  },
  {
    "artistName": "Ñengo Flow",
    "segment": "Previously Active Listeners"
  },
  {
    "artistName": "Dean Martin",
    "segment": "Previously Active Listeners"
  },
  {
    "artistName": "Katy Perry",
    "segment": "Previously Active Listeners"
  },
  {
    "artistName": "Cherub",
    "segment": "Previously Active Listeners"
  },
  {
    "artistName": "Taylor Swift",
    "segment": "Light listeners"
  },
  {
    "artistName": "Michael Jackson",
    "segment": "Light listeners"
  },
  {
    "artistName": "Solange",
    "segment": "Light listeners"
  },
  {
    "artistName": "Sheryl Crow",
    "segment": "Previously Active Listeners"
  },
  {
    "artistName": "Troy",
    "segment": "Previously Active Listeners"
  },
  {
    "artistName": "Margo Price",
    "segment": "Previously Active Listeners"
  },
  {
    "artistName": "Anna Shoemaker",
    "segment": "Previously Active Listeners"
  },
  {
    "artistName": "Omar Courtz",
    "segment": "Previously Active Listeners"
  },
  {
    "artistName": "Vampire Weekend",
    "segment": "Light listeners"
  },
  {
    "artistName": "David Bryant",
    "segment": "Previously Active Listeners"
  },
  {
    "artistName": "Joe Diffie",
    "segment": "Previously Active Listeners"
  },
  {
    "artistName": "fun.",
    "segment": "Previously Active Listeners"
  },
  {
    "artistName": "Kylie Minogue",
    "segment": "Previously Active Listeners"
  },
  {
    "artistName": "Rodney Crowell",
    "segment": "Previously Active Listeners"
  },
  {
    "artistName": "Teddy Swims",
    "segment": "Previously Active Listeners"
  },
  {
    "artistName": "GROUPLOVE",
    "segment": "Previously Active Listeners"
  },
  {
    "artistName": "Matt Maeson",
    "segment": "Previously Active Listeners"
  },
  {
    "artistName": "Ariana Grande",
    "segment": "Moderate listeners"
  },
  {
    "artistName": "Quevedo",
    "segment": "Previously Active Listeners"
  },
  {
    "artistName": "Evanescence",
    "segment": "Previously Active Listeners"
  },
  {
    "artistName": "Lady Parts",
    "segment": "Previously Active Listeners"
  },
  {
    "artistName": "Laura Williams",
    "segment": "Previously Active Listeners"
  },
  {
    "artistName": "Elijah Kelley",
    "segment": "Previously Active Listeners"
  },
  {
    "artistName": "Duran Duran",
    "segment": "Previously Active Listeners"
  },
  {
    "artistName": "Miguel",
    "segment": "Previously Active Listeners"
  },
  {
    "artistName": "Derek Trucks",
    "segment": "Previously Active Listeners"
  },
  {
    "artistName": "Maren Morris",
    "segment": "Previously Active Listeners"
  },
  {
    "artistName": "The Neptunes",
    "segment": "Previously Active Listeners"
  },
  {
    "artistName": "Dierks Bentley",
    "segment": "Previously Active Listeners"
  },
  {
    "artistName": "The Jordanaires",
    "segment": "Previously Active Listeners"
  },
  {
    "artistName": "Bad Bunny",
    "segment": "Super Listeners"
  },
  {
    "artistName": "Sierra Ferrell",
    "segment": "Previously Active Listeners"
  },
  {
    "artistName": "Curtis Waters",
    "segment": "Previously Active Listeners"
  },
  {
    "artistName": "Original Broadway Cast",
    "segment": "Previously Active Listeners"
  },
  {
    "artistName": "Heatwave",
    "segment": "Light listeners"
  },
  {
    "artistName": "Cyndi Lauper",
    "segment": "Previously Active Listeners"
  },
  {
    "artistName": "Jelly Roll",
    "segment": "Light listeners"
  },
  {
    "artistName": "benny blanco",
    "segment": "Previously Active Listeners"
  },
  {
    "artistName": "The Strokes",
    "segment": "Light listeners"
  },
  {
    "artistName": "Sean Kingston",
    "segment": "Previously Active Listeners"
  },
  {
    "artistName": "Tammy Wynette",
    "segment": "Previously Active Listeners"
  },
  {
    "artistName": "BETWEEN FRIENDS",
    "segment": "Light listeners"
  },
  {
    "artistName": "Stephen Schwartz",
    "segment": "Previously Active Listeners"
  },
  {
    "artistName": "Florence + The Machine",
    "segment": "Light listeners"
  },
  {
    "artistName": "Michelle Branch",
    "segment": "Previously Active Listeners"
  },
  {
    "artistName": "The Red Jumpsuit Apparatus",
    "segment": "Previously Active Listeners"
  },
  {
    "artistName": "Leona Lewis",
    "segment": "Previously Active Listeners"
  },
  {
    "artistName": "N.W.A.",
    "segment": "Previously Active Listeners"
  },
  {
    "artistName": "Morgan Wallen",
    "segment": "Light listeners"
  },
  {
    "artistName": "Bruce Springsteen",
    "segment": "Previously Active Listeners"
  },
  {
    "artistName": "JAY-Z",
    "segment": "Previously Active Listeners"
  },
  {
    "artistName": "Rowan Atkinson",
    "segment": "Previously Active Listeners"
  },
  {
    "artistName": "Blue Öyster Cult",
    "segment": "Previously Active Listeners"
  },
  {
    "artistName": "Nicki Minaj",
    "segment": "Previously Active Listeners"
  },
  {
    "artistName": "OMC",
    "segment": "Previously Active Listeners"
  },
  {
    "artistName": "Paloma Mami",
    "segment": "Previously Active Listeners"
  },
  {
    "artistName": "Kanye West",
    "segment": "Light listeners"
  },
  {
    "artistName": "MAGIC GIANT",
    "segment": "Previously Active Listeners"
  },
  {
    "artistName": "Club Shy",
    "segment": "Previously Active Listeners"
  },
  {
    "artistName": "Monica",
    "segment": "Previously Active Listeners"
  },
  {
    "artistName": "The Who",
    "segment": "Light listeners"
  },
  {
    "artistName": "Elton John",
    "segment": "Previously Active Listeners"
  },
  {
    "artistName": "Zach Bryan",
    "segment": "Previously Active Listeners"
  },
  {
    "artistName": "Buddy Miller",
    "segment": "Previously Active Listeners"
  },
  {
    "artistName": "ABBA",
    "segment": "Previously Active Listeners"
  },
  {
    "artistName": "The Wombats",
    "segment": "Previously Active Listeners"
  },
  {
    "artistName": "Vince Gill",
    "segment": "Previously Active Listeners"
  },
  {
    "artistName": "Chappell Roan",
    "segment": "Moderate listeners"
  },
  {
    "artistName": "The Kid LAROI",
    "segment": "Previously Active Listeners"
  },
  {
    "artistName": "Modern English",
    "segment": "Light listeners"
  },
  {
    "artistName": "Michael Abels",
    "segment": "Previously Active Listeners"
  },
  {
    "artistName": "Norbert Leo Butz",
    "segment": "Previously Active Listeners"
  },
  {
    "artistName": "Vince Staples",
    "segment": "Previously Active Listeners"
  },
  {
    "artistName": "BENEE",
    "segment": "Previously Active Listeners"
  },
  {
    "artistName": "O.A.R.",
    "segment": "Previously Active Listeners"
  },
  {
    "artistName": "Houndmouth",
    "segment": "Previously Active Listeners"
  },
  {
    "artistName": "Leroy Anderson",
    "segment": "Previously Active Listeners"
  },
  {
    "artistName": "JT",
    "segment": "Previously Active Listeners"
  },
  {
    "artistName": "Mac Miller",
    "segment": "Moderate listeners"
  },
  {
    "artistName": "Bob Marley & The Wailers",
    "segment": "Light listeners"
  },
  {
    "artistName": "The Jackson 5",
    "segment": "Previously Active Listeners"
  },
  {
    "artistName": "JJ Lin",
    "segment": "Previously Active Listeners"
  },
  {
    "artistName": "Perry Como",
    "segment": "Previously Active Listeners"
  },
  {
    "artistName": "Various Artists",
    "segment": "Moderate listeners"
  },
  {
    "artistName": "MARINA",
    "segment": "Previously Active Listeners"
  },
  {
    "artistName": "Amber Mark",
    "segment": "Previously Active Listeners"
  },
  {
    "artistName": "Olesya Rulin",
    "segment": "Previously Active Listeners"
  },
  {
    "artistName": "beabadoobee",
    "segment": "Light listeners"
  },
  {
    "artistName": "WILLOW",
    "segment": "Previously Active Listeners"
  },
  {
    "artistName": "Dolly Parton",
    "segment": "Moderate listeners"
  },
  {
    "artistName": "Corinne Bailey Rae",
    "segment": "Previously Active Listeners"
  },
  {
    "artistName": "Vaneese Thomas",
    "segment": "Previously Active Listeners"
  },
  {
    "artistName": "Travis Scott",
    "segment": "Previously Active Listeners"
  },
  {
    "artistName": "Aya Nakamura",
    "segment": "Previously Active Listeners"
  },
  {
    "artistName": "Walter",
    "segment": "Previously Active Listeners"
  },
  {
    "artistName": "Carly Pearce",
    "segment": "Previously Active Listeners"
  },
  {
    "artistName": "Tom Petty",
    "segment": "Previously Active Listeners"
  },
  {
    "artistName": "Delta Goodrem",
    "segment": "Previously Active Listeners"
  },
  {
    "artistName": "When In Rome",
    "segment": "Previously Active Listeners"
  },
  {
    "artistName": "Tracy Chapman",
    "segment": "Previously Active Listeners"
  },
  {
    "artistName": "Justin Robinson",
    "segment": "Previously Active Listeners"
  },
  {
    "artistName": "Jhené Aiko",
    "segment": "Previously Active Listeners"
  },
  {
    "artistName": "Cardi B",
    "segment": "Previously Active Listeners"
  },
  {
    "artistName": "ZECCA",
    "segment": "Previously Active Listeners"
  },
  {
    "artistName": "Mr Eazi",
    "segment": "Previously Active Listeners"
  },
  {
    "artistName": "Kali Uchis",
    "segment": "Moderate listeners"
  },
  {
    "artistName": "Tame Impala",
    "segment": "Previously Active Listeners"
  },
  {
    "artistName": "The Police",
    "segment": "Previously Active Listeners"
  },
  {
    "artistName": "Kyle Gordon",
    "segment": "Previously Active Listeners"
  },
  {
    "artistName": "Anne Hathaway",
    "segment": "Previously Active Listeners"
  },
  {
    "artistName": "The Veronicas",
    "segment": "Previously Active Listeners"
  },
  {
    "artistName": "Stephen Sondheim",
    "segment": "Previously Active Listeners"
  },
  {
    "artistName": "Icona Pop",
    "segment": "Previously Active Listeners"
  },
  {
    "artistName": "Hole",
    "segment": "Previously Active Listeners"
  },
  {
    "artistName": "Lea Salonga",
    "segment": "Previously Active Listeners"
  },
  {
    "artistName": "Ovy On The Drums",
    "segment": "Previously Active Listeners"
  },
  {
    "artistName": "Daniel Miller",
    "segment": "Previously Active Listeners"
  },
  {
    "artistName": "Novo Amor",
    "segment": "Previously Active Listeners"
  },
  {
    "artistName": "Dexys Midnight Runners",
    "segment": "Previously Active Listeners"
  },
  {
    "artistName": "Phil Legg",
    "segment": "Previously Active Listeners"
  },
  {
    "artistName": "Naked Eyes",
    "segment": "Previously Active Listeners"
  },
  {
    "artistName": "Prince Royce",
    "segment": "Previously Active Listeners"
  },
  {
    "artistName": "Weezer",
    "segment": "Light listeners"
  },
  {
    "artistName": "Jimmy Eat World",
    "segment": "Light listeners"
  },
  {
    "artistName": "Maisie Peters",
    "segment": "Previously Active Listeners"
  },
  {
    "artistName": "Tiny Habits",
    "segment": "Previously Active Listeners"
  },
  {
    "artistName": "The Proclaimers",
    "segment": "Light listeners"
  },
  {
    "artistName": "Yugen Blakrok",
    "segment": "Previously Active Listeners"
  },
  {
    "artistName": "Jake Owen",
    "segment": "Previously Active Listeners"
  },
  {
    "artistName": "Emilia",
    "segment": "Previously Active Listeners"
  },
  {
    "artistName": "Sarah Kameela Impey",
    "segment": "Previously Active Listeners"
  },
  {
    "artistName": "Hailee Steinfeld",
    "segment": "Previously Active Listeners"
  },
  {
    "artistName": "Ms. Lauryn Hill",
    "segment": "Previously Active Listeners"
  },
  {
    "artistName": "Donny Hathaway",
    "segment": "Previously Active Listeners"
  },
  {
    "artistName": "Willy William",
    "segment": "Previously Active Listeners"
  },
  {
    "artistName": "Darius Rucker",
    "segment": "Light listeners"
  },
  {
    "artistName": "Summer Hits",
    "segment": "Previously Active Listeners"
  },
  {
    "artistName": "Jacknife Lee",
    "segment": "Previously Active Listeners"
  },
  {
    "artistName": "Aldo Ranks",
    "segment": "Previously Active Listeners"
  },
  {
    "artistName": "Kota the Friend",
    "segment": "Previously Active Listeners"
  },
  {
    "artistName": "Phillip Phillips",
    "segment": "Previously Active Listeners"
  },
  {
    "artistName": "Joywave",
    "segment": "Previously Active Listeners"
  },
  {
    "artistName": "Brando",
    "segment": "Light listeners"
  },
  {
    "artistName": "Addison Rae",
    "segment": "Previously Active Listeners"
  },
  {
    "artistName": "mxmtoon",
    "segment": "Previously Active Listeners"
  },
  {
    "artistName": "PNAU",
    "segment": "Previously Active Listeners"
  },
  {
    "artistName": "M.I.A.",
    "segment": "Previously Active Listeners"
  },
  {
    "artistName": "David Guetta",
    "segment": "Previously Active Listeners"
  },
  {
    "artistName": "Yoko Ono",
    "segment": "Previously Active Listeners"
  },
  {
    "artistName": "Harm Franklin",
    "segment": "Previously Active Listeners"
  },
  {
    "artistName": "Cheryl Freeman",
    "segment": "Previously Active Listeners"
  },
  {
    "artistName": "Teezo Touchdown",
    "segment": "Previously Active Listeners"
  },
  {
    "artistName": "Beyoncé",
    "segment": "Super Listeners"
  },
  {
    "artistName": "Camila Cabello",
    "segment": "Previously Active Listeners"
  },
  {
    "artistName": "George Harrison",
    "segment": "Light listeners"
  },
  {
    "artistName": "Dave Bascombe",
    "segment": "Previously Active Listeners"
  },
  {
    "artistName": "ODIE",
    "segment": "Light listeners"
  },
  {
    "artistName": "Daft Punk",
    "segment": "Previously Active Listeners"
  },
  {
    "artistName": "Miike Snow",
    "segment": "Previously Active Listeners"
  },
  {
    "artistName": "Nicky Jam",
    "segment": "Previously Active Listeners"
  },
  {
    "artistName": "The Beach Boys",
    "segment": "Light listeners"
  },
  {
    "artistName": "Cheap Trick",
    "segment": "Previously Active Listeners"
  },
  {
    "artistName": "Big Boi",
    "segment": "Previously Active Listeners"
  },
  {
    "artistName": "Christina Aguilera",
    "segment": "Previously Active Listeners"
  },
  {
    "artistName": "Sun Ra",
    "segment": "Previously Active Listeners"
  },
  {
    "artistName": "Vortxz",
    "segment": "Light listeners"
  },
  {
    "artistName": "Lil Wayne",
    "segment": "Previously Active Listeners"
  },
  {
    "artistName": "Foals",
    "segment": "Previously Active Listeners"
  },
  {
    "artistName": "Avril Lavigne",
    "segment": "Moderate listeners"
  },
  {
    "artistName": "The 1975",
    "segment": "Previously Active Listeners"
  },
  {
    "artistName": "Colm Wilkinson",
    "segment": "Previously Active Listeners"
  },
  {
    "artistName": "Cuco",
    "segment": "Previously Active Listeners"
  },
  {
    "artistName": "Wallows",
    "segment": "Previously Active Listeners"
  },
  {
    "artistName": "Sean McCourt",
    "segment": "Previously Active Listeners"
  },
  {
    "artistName": "Conrad Sewell",
    "segment": "Previously Active Listeners"
  },
  {
    "artistName": "Bobby Bare",
    "segment": "Previously Active Listeners"
  },
  {
    "artistName": "Mariah Carey",
    "segment": "Light listeners"
  },
  {
    "artistName": "The Interrupters",
    "segment": "Previously Active Listeners"
  },
  {
    "artistName": "KAROL G",
    "segment": "Previously Active Listeners"
  },
  {
    "artistName": "Nightly",
    "segment": "Moderate listeners"
  },
  {
    "artistName": "Suki Waterhouse",
    "segment": "Light listeners"
  },
  {
    "artistName": "Rhiannon Giddens",
    "segment": "Previously Active Listeners"
  },
  {
    "artistName": "Loud Luxury",
    "segment": "Light listeners"
  },
  {
    "artistName": "Los Pleneros de la Cresta",
    "segment": "Light listeners"
  },
  {
    "artistName": "MGMT",
    "segment": "Previously Active Listeners"
  },
  {
    "artistName": "Empire Of The Sun",
    "segment": "Moderate listeners"
  },
  {
    "artistName": "Taye Diggs",
    "segment": "Previously Active Listeners"
  },
  {
    "artistName": "E.VAX",
    "segment": "Previously Active Listeners"
  },
  {
    "artistName": "Zac Brown Band",
    "segment": "Previously Active Listeners"
  },
  {
    "artistName": "Death Cab for Cutie",
    "segment": "Previously Active Listeners"
  },
  {
    "artistName": "Jax Jones",
    "segment": "Previously Active Listeners"
  },
  {
    "artistName": "Tyler, The Creator",
    "segment": "Previously Active Listeners"
  },
  {
    "artistName": "John Travolta",
    "segment": "Previously Active Listeners"
  },
  {
    "artistName": "Cristy Candler",
    "segment": "Previously Active Listeners"
  },
  {
    "artistName": "Peter Gabriel",
    "segment": "Light listeners"
  },
  {
    "artistName": "Casper Magico",
    "segment": "Previously Active Listeners"
  },
  {
    "artistName": "LATIN MAFIA",
    "segment": "Light listeners"
  },
  {
    "artistName": "Chencho Corleone",
    "segment": "Previously Active Listeners"
  },
  {
    "artistName": "HARDY",
    "segment": "Previously Active Listeners"
  },
  {
    "artistName": "JOSEPH",
    "segment": "Previously Active Listeners"
  },
  {
    "artistName": "Sickick",
    "segment": "Previously Active Listeners"
  },
  {
    "artistName": "Mumford & Sons",
    "segment": "Previously Active Listeners"
  },
  {
    "artistName": "Imanbek",
    "segment": "Previously Active Listeners"
  },
  {
    "artistName": "Train",
    "segment": "Previously Active Listeners"
  },
  {
    "artistName": "Ultima Thule",
    "segment": "Previously Active Listeners"
  },
  {
    "artistName": "Franz Ferdinand",
    "segment": "Previously Active Listeners"
  },
  {
    "artistName": "Alex Newell",
    "segment": "Previously Active Listeners"
  },
  {
    "artistName": "Funk Wav",
    "segment": "Previously Active Listeners"
  },
  {
    "artistName": "The Temper Trap",
    "segment": "Light listeners"
  },
  {
    "artistName": "The Smashing Pumpkins",
    "segment": "Previously Active Listeners"
  },
  {
    "artistName": "The Avett Brothers",
    "segment": "Previously Active Listeners"
  },
  {
    "artistName": "The Cranberries",
    "segment": "Light listeners"
  },
  {
    "artistName": "Saint Motel",
    "segment": "Previously Active Listeners"
  },
  {
    "artistName": "YOVNGCHIMI",
    "segment": "Previously Active Listeners"
  },
  {
    "artistName": "Boney M.",
    "segment": "Light listeners"
  },
  {
    "artistName": "Fatboy Slim",
    "segment": "Light listeners"
  },
  {
    "artistName": "Supertramp",
    "segment": "Previously Active Listeners"
  },
  {
    "artistName": "boygenius",
    "segment": "Previously Active Listeners"
  },
  {
    "artistName": "Grupo Frontera",
    "segment": "Light listeners"
  },
  {
    "artistName": "Saudi",
    "segment": "Previously Active Listeners"
  },
  {
    "artistName": "Janet Jackson",
    "segment": "Previously Active Listeners"
  },
  {
    "artistName": "The Turtles",
    "segment": "Previously Active Listeners"
  },
  {
    "artistName": "The B-52's",
    "segment": "Light listeners"
  },
  {
    "artistName": "Keith Richards",
    "segment": "Previously Active Listeners"
  },
  {
    "artistName": "Tanner Adell",
    "segment": "Moderate listeners"
  },
  {
    "artistName": "Mary J. Blige",
    "segment": "Previously Active Listeners"
  },
  {
    "artistName": "George Strait",
    "segment": "Previously Active Listeners"
  },
  {
    "artistName": "Michelle Pfeiffer",
    "segment": "Previously Active Listeners"
  },
  {
    "artistName": "Billy Ray Cyrus",
    "segment": "Previously Active Listeners"
  },
  {
    "artistName": "Leo Norbert Butz",
    "segment": "Previously Active Listeners"
  },
  {
    "artistName": "LaChanze",
    "segment": "Previously Active Listeners"
  },
  {
    "artistName": "Wang Chung",
    "segment": "Previously Active Listeners"
  },
  {
    "artistName": "Chaka Khan",
    "segment": "Previously Active Listeners"
  },
  {
    "artistName": "Tal Bachman",
    "segment": "Previously Active Listeners"
  },
  {
    "artistName": "Tom Tom Club",
    "segment": "Previously Active Listeners"
  },
  {
    "artistName": "Bill Withers",
    "segment": "Light listeners"
  },
  {
    "artistName": "Randy Travis",
    "segment": "Light listeners"
  },
  {
    "artistName": "boy pablo",
    "segment": "Moderate listeners"
  },
  {
    "artistName": "Frances Ruffelle",
    "segment": "Previously Active Listeners"
  },
  {
    "artistName": "Luar La L",
    "segment": "Previously Active Listeners"
  },
  {
    "artistName": "The Romantics",
    "segment": "Previously Active Listeners"
  },
  {
    "artistName": "Metro Station",
    "segment": "Previously Active Listeners"
  },
  {
    "artistName": "Michael Maguire",
    "segment": "Previously Active Listeners"
  },
  {
    "artistName": "Michelle Federer",
    "segment": "Previously Active Listeners"
  },
  {
    "artistName": "Simon & Garfunkel",
    "segment": "Previously Active Listeners"
  },
  {
    "artistName": "Tom Petty and the Heartbreakers",
    "segment": "Previously Active Listeners"
  },
  {
    "artistName": "Wet Leg",
    "segment": "Previously Active Listeners"
  },
  {
    "artistName": "Gucci Mane",
    "segment": "Previously Active Listeners"
  },
  {
    "artistName": "Redbone",
    "segment": "Light listeners"
  },
  {
    "artistName": "KHEA",
    "segment": "Previously Active Listeners"
  },
  {
    "artistName": "Anderson .Paak",
    "segment": "Light listeners"
  },
  {
    "artistName": "John Powell",
    "segment": "Previously Active Listeners"
  },
  {
    "artistName": "No Doubt",
    "segment": "Previously Active Listeners"
  },
  {
    "artistName": "Phoenix",
    "segment": "Previously Active Listeners"
  },
  {
    "artistName": "High School Musical Cast",
    "segment": "Previously Active Listeners"
  },
  {
    "artistName": "Regina Spektor",
    "segment": "Previously Active Listeners"
  },
  {
    "artistName": "Jess Glynne",
    "segment": "Light listeners"
  },
  {
    "artistName": "Jason Mraz",
    "segment": "Previously Active Listeners"
  },
  {
    "artistName": "Don Omar",
    "segment": "Previously Active Listeners"
  },
  {
    "artistName": "Jace Everett",
    "segment": "Previously Active Listeners"
  },
  {
    "artistName": "Jack Johnson",
    "segment": "Previously Active Listeners"
  },
  {
    "artistName": "Big Time Rush",
    "segment": "Previously Active Listeners"
  },
  {
    "artistName": "Wisin & Yandel",
    "segment": "Previously Active Listeners"
  },
  {
    "artistName": "Mora",
    "segment": "Previously Active Listeners"
  },
  {
    "artistName": "COIN",
    "segment": "Previously Active Listeners"
  },
  {
    "artistName": "The All-American Rejects",
    "segment": "Light listeners"
  },
  {
    "artistName": "Sweet",
    "segment": "Previously Active Listeners"
  },
  {
    "artistName": "Gladys Knight & The Pips",
    "segment": "Previously Active Listeners"
  },
  {
    "artistName": "Genesis",
    "segment": "Previously Active Listeners"
  },
  {
    "artistName": "The La's",
    "segment": "Previously Active Listeners"
  },
  {
    "artistName": "Rachel Chinouriri",
    "segment": "Light listeners"
  },
  {
    "artistName": "Omar Apollo",
    "segment": "Previously Active Listeners"
  },
  {
    "artistName": "Gnarls Barkley",
    "segment": "Light listeners"
  },
  {
    "artistName": "T-Pain",
    "segment": "Previously Active Listeners"
  },
  {
    "artistName": "The Weavers",
    "segment": "Previously Active Listeners"
  },
  {
    "artistName": "Linda Martell",
    "segment": "Moderate listeners"
  },
  {
    "artistName": "DRAM",
    "segment": "Previously Active Listeners"
  },
  {
    "artistName": "La Portuaria",
    "segment": "Previously Active Listeners"
  },
  {
    "artistName": "Youngblood Hawke",
    "segment": "Light listeners"
  },
  {
    "artistName": "Foster The People",
    "segment": "Light listeners"
  },
  {
    "artistName": "Mykola Dmytrovych Leontovych",
    "segment": "Previously Active Listeners"
  },
  {
    "artistName": "Ramones",
    "segment": "Previously Active Listeners"
  },
  {
    "artistName": "Smallpools",
    "segment": "Previously Active Listeners"
  },
  {
    "artistName": "Matthew Young",
    "segment": "Previously Active Listeners"
  },
  {
    "artistName": "Kings of Leon",
    "segment": "Light listeners"
  },
  {
    "artistName": "Young Miko",
    "segment": "Previously Active Listeners"
  },
  {
    "artistName": "Brett Eldredge",
    "segment": "Previously Active Listeners"
  },
  {
    "artistName": "DJ Khaled",
    "segment": "Previously Active Listeners"
  },
  {
    "artistName": "The Postal Service",
    "segment": "Light listeners"
  },
  {
    "artistName": "Lil Yachty",
    "segment": "Previously Active Listeners"
  },
  {
    "artistName": "Kodak Black",
    "segment": "Previously Active Listeners"
  },
  {
    "artistName": "Jan Neuberger",
    "segment": "Previously Active Listeners"
  },
  {
    "artistName": "zzoilo",
    "segment": "Previously Active Listeners"
  },
  {
    "artistName": "WALK THE MOON",
    "segment": "Moderate listeners"
  },
  {
    "artistName": "Rihanna",
    "segment": "Light listeners"
  },
  {
    "artistName": "Silvestre y La Naranja",
    "segment": "Light listeners"
  },
  {
    "artistName": "Rauw Alejandro",
    "segment": "Moderate listeners"
  },
  {
    "artistName": "Caetano Veloso and David Byrne",
    "segment": "Previously Active Listeners"
  },
  {
    "artistName": "Kacey Musgraves",
    "segment": "Super Listeners"
  },
  {
    "artistName": "Aitana",
    "segment": "Previously Active Listeners"
  },
  {
    "artistName": "Griff",
    "segment": "Previously Active Listeners"
  },
  {
    "artistName": "The Cars",
    "segment": "Light listeners"
  },
  {
    "artistName": "Michael Kiwanuka",
    "segment": "Previously Active Listeners"
  },
  {
    "artistName": "The Corrs",
    "segment": "Previously Active Listeners"
  },
  {
    "artistName": "Gary Jules",
    "segment": "Previously Active Listeners"
  },
  {
    "artistName": "Tommy Richman",
    "segment": "Previously Active Listeners"
  },
  {
    "artistName": "Kimbra",
    "segment": "Previously Active Listeners"
  },
  {
    "artistName": "Shuggie Otis",
    "segment": "Previously Active Listeners"
  },
  {
    "artistName": "The Doobie Brothers",
    "segment": "Previously Active Listeners"
  },
  {
    "artistName": "Marc Anthony",
    "segment": "Previously Active Listeners"
  },
  {
    "artistName": "Sabrina Carpenter",
    "segment": "Light listeners"
  },
  {
    "artistName": "Anne Murray",
    "segment": "Previously Active Listeners"
  },
  {
    "artistName": "Robin Schulz",
    "segment": "Previously Active Listeners"
  },
  {
    "artistName": "Trolls",
    "segment": "Previously Active Listeners"
  },
  {
    "artistName": "Peso Pluma",
    "segment": "Light listeners"
  },
  {
    "artistName": "Laura Pausini",
    "segment": "Previously Active Listeners"
  },
  {
    "artistName": "Chance the Rapper",
    "segment": "Previously Active Listeners"
  },
  {
    "artistName": "RAYE",
    "segment": "Previously Active Listeners"
  },
  {
    "artistName": "Carole King",
    "segment": "Previously Active Listeners"
  },
  {
    "artistName": "Tinashe",
    "segment": "Previously Active Listeners"
  },
  {
    "artistName": "Sam Smith",
    "segment": "Previously Active Listeners"
  },
  {
    "artistName": "Pat Benatar",
    "segment": "Previously Active Listeners"
  },
  {
    "artistName": "DJ Cassidy",
    "segment": "Previously Active Listeners"
  },
  {
    "artistName": "Ice Cube",
    "segment": "Previously Active Listeners"
  },
  {
    "artistName": "Maggie Rogers",
    "segment": "Moderate listeners"
  },
  {
    "artistName": "Harry Gregson-Williams",
    "segment": "Previously Active Listeners"
  },
  {
    "artistName": "Brian Eno",
    "segment": "Previously Active Listeners"
  },
  {
    "artistName": "Ricky Martin",
    "segment": "Previously Active Listeners"
  },
  {
    "artistName": "Lizzo",
    "segment": "Previously Active Listeners"
  },
  {
    "artistName": "Scissor Sisters",
    "segment": "Previously Active Listeners"
  },
  {
    "artistName": "Original Soundtrack",
    "segment": "Previously Active Listeners"
  },
  {
    "artistName": "Nat King Cole",
    "segment": "Previously Active Listeners"
  },
  {
    "artistName": "Migos",
    "segment": "Previously Active Listeners"
  },
  {
    "artistName": "Jack Dolman",
    "segment": "Previously Active Listeners"
  },
  {
    "artistName": "The White Stripes",
    "segment": "Previously Active Listeners"
  },
  {
    "artistName": "Pablo Flores",
    "segment": "Previously Active Listeners"
  },
  {
    "artistName": "The Rolling Stones",
    "segment": "Previously Active Listeners"
  },
  {
    "artistName": "T.I.",
    "segment": "Previously Active Listeners"
  },
  {
    "artistName": "Pj Sin Suela",
    "segment": "Previously Active Listeners"
  },
  {
    "artistName": "Dave Matthews Band",
    "segment": "Light listeners"
  },
  {
    "artistName": "Dr. Dog",
    "segment": "Previously Active Listeners"
  },
  {
    "artistName": "Danger Mouse",
    "segment": "Light listeners"
  },
  {
    "artistName": "*NSYNC",
    "segment": "Previously Active Listeners"
  },
  {
    "artistName": "Wisin",
    "segment": "Light listeners"
  },
  {
    "artistName": "Rosali",
    "segment": "Previously Active Listeners"
  },
  {
    "artistName": "Eddie Redmayne",
    "segment": "Previously Active Listeners"
  },
  {
    "artistName": "Snow Tha Product",
    "segment": "Previously Active Listeners"
  },
  {
    "artistName": "Paul Simon",
    "segment": "Previously Active Listeners"
  },
  {
    "artistName": "Norman Cook",
    "segment": "Previously Active Listeners"
  },
  {
    "artistName": "Julia Michaels",
    "segment": "Previously Active Listeners"
  },
  {
    "artistName": "Arcade Fire",
    "segment": "Previously Active Listeners"
  },
  {
    "artistName": "Manuel Turizo",
    "segment": "Previously Active Listeners"
  },
  {
    "artistName": "Jorja Smith",
    "segment": "Previously Active Listeners"
  },
  {
    "artistName": "Ab-Soul",
    "segment": "Previously Active Listeners"
  },
  {
    "artistName": "Carpenters",
    "segment": "Previously Active Listeners"
  },
  {
    "artistName": "Stephen Oremus",
    "segment": "Previously Active Listeners"
  },
  {
    "artistName": "John Anderson",
    "segment": "Previously Active Listeners"
  },
  {
    "artistName": "The Lumineers",
    "segment": "Light listeners"
  },
  {
    "artistName": "Adam Lambert",
    "segment": "Previously Active Listeners"
  },
  {
    "artistName": "Benny Sings",
    "segment": "Previously Active Listeners"
  },
  {
    "artistName": "Spice Girls",
    "segment": "Previously Active Listeners"
  },
  {
    "artistName": "Generation X",
    "segment": "Previously Active Listeners"
  },
  {
    "artistName": "Lit",
    "segment": "Previously Active Listeners"
  },
  {
    "artistName": "Bennie Smith",
    "segment": "Previously Active Listeners"
  },
  {
    "artistName": "Leon Bridges",
    "segment": "Light listeners"
  },
  {
    "artistName": "Bing Crosby",
    "segment": "Previously Active Listeners"
  },
  {
    "artistName": "Dwight Howard",
    "segment": "Previously Active Listeners"
  },
  {
    "artistName": "LÉON",
    "segment": "Light listeners"
  },
  {
    "artistName": "Amanda Bynes",
    "segment": "Previously Active Listeners"
  },
  {
    "artistName": "Juliette Motamed",
    "segment": "Previously Active Listeners"
  },
  {
    "artistName": "Maroon 5",
    "segment": "Previously Active Listeners"
  },
  {
    "artistName": "Isaiah Rashad",
    "segment": "Previously Active Listeners"
  },
  {
    "artistName": "Enrique Iglesias",
    "segment": "Previously Active Listeners"
  },
  {
    "artistName": "Tiera Kennedy",
    "segment": "Moderate listeners"
  },
  {
    "artistName": "Amy Winehouse",
    "segment": "Light listeners"
  },
  {
    "artistName": "Zion",
    "segment": "Previously Active Listeners"
  },
  {
    "artistName": "Reyna Roberts",
    "segment": "Moderate listeners"
  },
  {
    "artistName": "Styx",
    "segment": "Light listeners"
  },
  {
    "artistName": "Students",
    "segment": "Previously Active Listeners"
  },
  {
    "artistName": "Bill Medley",
    "segment": "Previously Active Listeners"
  },
  {
    "artistName": "Mike Mains & The Branches",
    "segment": "Previously Active Listeners"
  },
  {
    "artistName": "The Black Keys",
    "segment": "Previously Active Listeners"
  },
  {
    "artistName": "Jamey Johnson",
    "segment": "Previously Active Listeners"
  },
  {
    "artistName": "The Clash",
    "segment": "Light listeners"
  },
  {
    "artistName": "Charlotte OC",
    "segment": "Previously Active Listeners"
  },
  {
    "artistName": "Dave Stewart",
    "segment": "Previously Active Listeners"
  },
  {
    "artistName": "Josh Abbott Band",
    "segment": "Previously Active Listeners"
  },
  {
    "artistName": "Lizzy McAlpine",
    "segment": "Previously Active Listeners"
  },
  {
    "artistName": "Becky G",
    "segment": "Previously Active Listeners"
  },
  {
    "artistName": "Rumi Carter",
    "segment": "Moderate listeners"
  },
  {
    "artistName": "Eddie Vedder",
    "segment": "Light listeners"
  },
  {
    "artistName": "Lillias White",
    "segment": "Previously Active Listeners"
  },
  {
    "artistName": "Johann Strauss Orchestra",
    "segment": "Previously Active Listeners"
  },
  {
    "artistName": "Shaboozey",
    "segment": "Moderate listeners"
  },
  {
    "artistName": "Blackstreet",
    "segment": "Previously Active Listeners"
  },
  {
    "artistName": "The Killers",
    "segment": "Light listeners"
  },
  {
    "artistName": "Thurl Ravenscroft",
    "segment": "Previously Active Listeners"
  },
  {
    "artistName": "Ozuna",
    "segment": "Light listeners"
  },
  {
    "artistName": "Brittney Spencer",
    "segment": "Moderate listeners"
  },
  {
    "artistName": "The Little Willies",
    "segment": "Previously Active Listeners"
  },
  {
    "artistName": "Sixpence None The Richer",
    "segment": "Previously Active Listeners"
  },
  {
    "artistName": "The Cure",
    "segment": "Light listeners"
  },
  {
    "artistName": "Crosby, Stills, Nash & Young",
    "segment": "Light listeners"
  },
  {
    "artistName": "Gloria Gaynor",
    "segment": "Previously Active Listeners"
  },
  {
    "artistName": "Tegan and Sara",
    "segment": "Previously Active Listeners"
  },
  {
    "artistName": "THE DRIVER ERA",
    "segment": "Moderate listeners"
  },
  {
    "artistName": "Mambo Kingz",
    "segment": "Previously Active Listeners"
  },
  {
    "artistName": "Four Tet",
    "segment": "Previously Active Listeners"
  },
  {
    "artistName": "Bootsy Collins",
    "segment": "Previously Active Listeners"
  },
  {
    "artistName": "SZA",
    "segment": "Super Listeners"
  },
  {
    "artistName": "Aventura",
    "segment": "Light listeners"
  },
  {
    "artistName": "Jennifer Holliday",
    "segment": "Previously Active Listeners"
  },
  {
    "artistName": "Bon Iver",
    "segment": "Previously Active Listeners"
  },
  {
    "artistName": "Nesi",
    "segment": "Previously Active Listeners"
  },
  {
    "artistName": "Badfinger",
    "segment": "Light listeners"
  },
  {
    "artistName": "Anthony Rapp",
    "segment": "Previously Active Listeners"
  },
  {
    "artistName": "Hozier",
    "segment": "Moderate listeners"
  },
  {
    "artistName": "Sade",
    "segment": "Previously Active Listeners"
  },
  {
    "artistName": "PARTYNEXTDOOR",
    "segment": "Previously Active Listeners"
  },
  {
    "artistName": "Austin Millz",
    "segment": "Previously Active Listeners"
  },
  {
    "artistName": "Coldplay",
    "segment": "Previously Active Listeners"
  },
  {
    "artistName": "Julieta Venegas",
    "segment": "Previously Active Listeners"
  },
  {
    "artistName": "Tanya Tucker",
    "segment": "Previously Active Listeners"
  },
  {
    "artistName": "Ed Sheeran",
    "segment": "Previously Active Listeners"
  },
  {
    "artistName": "Blake Shelton",
    "segment": "Previously Active Listeners"
  },
  {
    "artistName": "Brandy",
    "segment": "Previously Active Listeners"
  },
  {
    "artistName": "Jack Harlow",
    "segment": "Previously Active Listeners"
  },
  {
    "artistName": "Elvin Bishop",
    "segment": "Previously Active Listeners"
  },
  {
    "artistName": "Madeline The Person",
    "segment": "Previously Active Listeners"
  },
  {
    "artistName": "James Brown & The Famous Flames",
    "segment": "Previously Active Listeners"
  },
  {
    "artistName": "Destiny's Child",
    "segment": "Previously Active Listeners"
  },
  {
    "artistName": "B.B. King",
    "segment": "Previously Active Listeners"
  },
  {
    "artistName": "Bowling For Soup",
    "segment": "Previously Active Listeners"
  },
  {
    "artistName": "Brad Paisley",
    "segment": "Previously Active Listeners"
  },
  {
    "artistName": "Post Malone",
    "segment": "Super Listeners"
  },
  {
    "artistName": "A. G. Cook",
    "segment": "Previously Active Listeners"
  },
  {
    "artistName": "ROSALÍA",
    "segment": "Previously Active Listeners"
  },
  {
    "artistName": "Passion Pit",
    "segment": "Previously Active Listeners"
  },
  {
    "artistName": "Tracie Thoms",
    "segment": "Previously Active Listeners"
  },
  {
    "artistName": "Miranda Lambert",
    "segment": "Light listeners"
  },
  {
    "artistName": "Allman Brothers Band",
    "segment": "Light listeners"
  },
  {
    "artistName": "Big Audio Dynamite",
    "segment": "Light listeners"
  },
  {
    "artistName": "Broiler",
    "segment": "Previously Active Listeners"
  },
  {
    "artistName": "JHAYCO",
    "segment": "Light listeners"
  },
  {
    "artistName": "Bomba Estéreo",
    "segment": "Light listeners"
  },
  {
    "artistName": "Jesse L. Martin",
    "segment": "Previously Active Listeners"
  },
  {
    "artistName": "Poolside",
    "segment": "Previously Active Listeners"
  },
  {
    "artistName": "The Five Stairsteps",
    "segment": "Previously Active Listeners"
  },
  {
    "artistName": "Mr. Naisgai",
    "segment": "Previously Active Listeners"
  },
  {
    "artistName": "The Mamas & The Papas",
    "segment": "Previously Active Listeners"
  },
  {
    "artistName": "Black",
    "segment": "Previously Active Listeners"
  },
  {
    "artistName": "ella jane",
    "segment": "Light listeners"
  },
  {
    "artistName": "Rosario Dawson",
    "segment": "Previously Active Listeners"
  },
  {
    "artistName": "Motion Picture Cast of Hairspray",
    "segment": "Previously Active Listeners"
  },
  {
    "artistName": "Chuwi",
    "segment": "Previously Active Listeners"
  },
  {
    "artistName": "Vanessa Williams",
    "segment": "Previously Active Listeners"
  },
  {
    "artistName": "Pete Konemann",
    "segment": "Previously Active Listeners"
  },
  {
    "artistName": "Patsy Cline",
    "segment": "Previously Active Listeners"
  },
  {
    "artistName": "De La Soul",
    "segment": "Previously Active Listeners"
  },
  {
    "artistName": "Capital Cities",
    "segment": "Previously Active Listeners"
  },
  {
    "artistName": "Frank Sinatra",
    "segment": "Previously Active Listeners"
  },
  {
    "artistName": "Surf Curse",
    "segment": "Previously Active Listeners"
  },
  {
    "artistName": "Cookin' On 3 Burners",
    "segment": "Moderate listeners"
  },
  {
    "artistName": "War",
    "segment": "Previously Active Listeners"
  },
  {
    "artistName": "Kristin Chenoweth",
    "segment": "Previously Active Listeners"
  },
  {
    "artistName": "BANKS",
    "segment": "Previously Active Listeners"
  },
  {
    "artistName": "Original Broadway Cast of Hamilton",
    "segment": "Previously Active Listeners"
  },
  {
    "artistName": "Van Morrison",
    "segment": "Previously Active Listeners"
  },
  {
    "artistName": "HIXTAPE",
    "segment": "Previously Active Listeners"
  },
  {
    "artistName": "MC Hammer",
    "segment": "Previously Active Listeners"
  },
  {
    "artistName": "Willie Nelson",
    "segment": "Light listeners"
  },
  {
    "artistName": "Gorillaz",
    "segment": "Previously Active Listeners"
  },
  {
    "artistName": "Boris Karloff",
    "segment": "Previously Active Listeners"
  },
  {
    "artistName": "Lil Nas X",
    "segment": "Previously Active Listeners"
  },
  {
    "artistName": "Sleepy Hallow",
    "segment": "Previously Active Listeners"
  },
  {
    "artistName": "Grizzly Bear",
    "segment": "Light listeners"
  },
  {
    "artistName": "NIKI",
    "segment": "Previously Active Listeners"
  },
  {
    "artistName": "Rufus Wainwright",
    "segment": "Previously Active Listeners"
  },
  {
    "artistName": "Thundercat",
    "segment": "Previously Active Listeners"
  },
  {
    "artistName": "Led Zeppelin",
    "segment": "Previously Active Listeners"
  },
  {
    "artistName": "Corbin Bleu",
    "segment": "Previously Active Listeners"
  },
  {
    "artistName": "DJ Luian",
    "segment": "Previously Active Listeners"
  },
  {
    "artistName": "Bon Jovi",
    "segment": "Previously Active Listeners"
  },
  {
    "artistName": "Lunay",
    "segment": "Previously Active Listeners"
  },
  {
    "artistName": "Khruangbin",
    "segment": "Previously Active Listeners"
  },
  {
    "artistName": "The Last Dinner Party",
    "segment": "Previously Active Listeners"
  },
  {
    "artistName": "Justin Timberlake",
    "segment": "Light listeners"
  },
  {
    "artistName": "Blake Michael",
    "segment": "Previously Active Listeners"
  },
  {
    "artistName": "Bob Dylan",
    "segment": "Previously Active Listeners"
  },
  {
    "artistName": "J. Rey Soul",
    "segment": "Previously Active Listeners"
  },
  {
    "artistName": "Tyler Childers",
    "segment": "Previously Active Listeners"
  },
  {
    "artistName": "The Four Seasons",
    "segment": "Light listeners"
  },
  {
    "artistName": "Sech",
    "segment": "Previously Active Listeners"
  },
  {
    "artistName": "Maluma",
    "segment": "Previously Active Listeners"
  },
  {
    "artistName": "Ñejo",
    "segment": "Previously Active Listeners"
  },
  {
    "artistName": "Elvis Presley",
    "segment": "Previously Active Listeners"
  },
  {
    "artistName": "Vanessa Hudgens",
    "segment": "Previously Active Listeners"
  },
  {
    "artistName": "Rusted Root",
    "segment": "Light listeners"
  },
  {
    "artistName": "Bladee",
    "segment": "Previously Active Listeners"
  },
  {
    "artistName": "Okieriete Onaodowan",
    "segment": "Previously Active Listeners"
  },
  {
    "artistName": "Yung Lean",
    "segment": "Previously Active Listeners"
  },
  {
    "artistName": "Dasha",
    "segment": "Light listeners"
  },
  {
    "artistName": "Chris Brown",
    "segment": "Light listeners"
  },
  {
    "artistName": "George Michael",
    "segment": "Previously Active Listeners"
  },
  {
    "artistName": "The Ballroom Thieves",
    "segment": "Light listeners"
  },
  {
    "artistName": "Otis Redding",
    "segment": "Light listeners"
  },
  {
    "artistName": "Eric Prydz",
    "segment": "Previously Active Listeners"
  },
  {
    "artistName": "Dei V",
    "segment": "Previously Active Listeners"
  },
  {
    "artistName": "Adriel Favela",
    "segment": "Previously Active Listeners"
  },
  {
    "artistName": "Victorious Cast",
    "segment": "Previously Active Listeners"
  },
  {
    "artistName": "Reba McEntire",
    "segment": "Previously Active Listeners"
  },
  {
    "artistName": "John Mellencamp",
    "segment": "Previously Active Listeners"
  },
  {
    "artistName": "Wings",
    "segment": "Light listeners"
  },
  {
    "artistName": "Keith Urban",
    "segment": "Light listeners"
  },
  {
    "artistName": "CYRIL",
    "segment": "Previously Active Listeners"
  },
  {
    "artistName": "Paul Russell",
    "segment": "Light listeners"
  },
  {
    "artistName": "Kid Cudi",
    "segment": "Light listeners"
  },
  {
    "artistName": "Michael Bublé",
    "segment": "Previously Active Listeners"
  },
  {
    "artistName": "LUDMILLA",
    "segment": "Previously Active Listeners"
  },
  {
    "artistName": "Mt. Joy",
    "segment": "Previously Active Listeners"
  },
  {
    "artistName": "chlothegod",
    "segment": "Previously Active Listeners"
  },
  {
    "artistName": "Creedence Clearwater Revival",
    "segment": "Light listeners"
  },
  {
    "artistName": "Colbie Caillat",
    "segment": "Previously Active Listeners"
  },
  {
    "artistName": "Brad Kane",
    "segment": "Previously Active Listeners"
  },
  {
    "artistName": "ROLE MODEL",
    "segment": "Light listeners"
  },
  {
    "artistName": "UPSAHL",
    "segment": "Previously Active Listeners"
  },
  {
    "artistName": "Bobby Caldwell",
    "segment": "Previously Active Listeners"
  },
  {
    "artistName": "Sylvester",
    "segment": "Previously Active Listeners"
  },
  {
    "artistName": "El Alfa",
    "segment": "Previously Active Listeners"
  },
  {
    "artistName": "boygenius",
    "segment": "Light listeners"
  },
  {
    "artistName": "Feid",
    "segment": "Previously Active Listeners"
  },
  {
    "artistName": "Cannons",
    "segment": "Light listeners"
  },
  {
    "artistName": "Alexis y Fido",
    "segment": "Previously Active Listeners"
  },
  {
    "artistName": "Outkast",
    "segment": "Light listeners"
  },
  {
    "artistName": "Maurice Ravel",
    "segment": "Previously Active Listeners"
  },
  {
    "artistName": "Frankie Valli & The Four Seasons",
    "segment": "Previously Active Listeners"
  },
  {
    "artistName": "BØRNS",
    "segment": "Previously Active Listeners"
  },
  {
    "artistName": "DaBaby",
    "segment": "Previously Active Listeners"
  },
  {
    "artistName": "LISA",
    "segment": "Previously Active Listeners"
  },
  {
    "artistName": "Stealers Wheel",
    "segment": "Previously Active Listeners"
  },
  {
    "artistName": "Toby Keith",
    "segment": "Previously Active Listeners"
  },
  {
    "artistName": "The Polyphonic Spree",
    "segment": "Previously Active Listeners"
  },
  {
    "artistName": "Calvin Harris",
    "segment": "Previously Active Listeners"
  },
  {
    "artistName": "Andrew Durand",
    "segment": "Previously Active Listeners"
  },
  {
    "artistName": "LMNT",
    "segment": "Previously Active Listeners"
  },
  {
    "artistName": "Anitta",
    "segment": "Previously Active Listeners"
  },
  {
    "artistName": "Kendo Kaponi",
    "segment": "Previously Active Listeners"
  },
  {
    "artistName": "Adele",
    "segment": "Light listeners"
  },
  {
    "artistName": "Timbaland",
    "segment": "Previously Active Listeners"
  },
  {
    "artistName": "Everclear",
    "segment": "Previously Active Listeners"
  },
  {
    "artistName": "Anuel AA",
    "segment": "Previously Active Listeners"
  },
  {
    "artistName": "The Temptations",
    "segment": "Previously Active Listeners"
  },
  {
    "artistName": "Mannheim Steamroller",
    "segment": "Previously Active Listeners"
  },
  {
    "artistName": "Bryant Myers",
    "segment": "Previously Active Listeners"
  },
  {
    "artistName": "Loretta Lynn",
    "segment": "Previously Active Listeners"
  },
  {
    "artistName": "Stevie Wonder",
    "segment": "Previously Active Listeners"
  },
  {
    "artistName": "Lost Frequencies",
    "segment": "Previously Active Listeners"
  },
  {
    "artistName": "Cosmo's Midnight",
    "segment": "Previously Active Listeners"
  },
  {
    "artistName": "Marconi Impara",
    "segment": "Previously Active Listeners"
  },
  {
    "artistName": "Burl Ives",
    "segment": "Previously Active Listeners"
  },
  {
    "artistName": "Sundara Karma",
    "segment": "Previously Active Listeners"
  },
  {
    "artistName": "Yes",
    "segment": "Previously Active Listeners"
  },
  {
    "artistName": "Nause",
    "segment": "Previously Active Listeners"
  },
  {
    "artistName": "Alabama",
    "segment": "Light listeners"
  },
  {
    "artistName": "Jason Weaver",
    "segment": "Previously Active Listeners"
  },
  {
    "artistName": "Faith Omole",
    "segment": "Previously Active Listeners"
  },
  {
    "artistName": "Fitz and The Tantrums",
    "segment": "Previously Active Listeners"
  },
  {
    "artistName": "Tai Verdes",
    "segment": "Previously Active Listeners"
  },
  {
    "artistName": "Mitski",
    "segment": "Light listeners"
  },
  {
    "artistName": "Kenny Chesney",
    "segment": "Previously Active Listeners"
  },
  {
    "artistName": "Kaptan",
    "segment": "Previously Active Listeners"
  },
  {
    "artistName": "Aly & AJ",
    "segment": "Previously Active Listeners"
  },
  {
    "artistName": "Christopher Jackson",
    "segment": "Previously Active Listeners"
  },
  {
    "artistName": "The Goo Goo Dolls",
    "segment": "Previously Active Listeners"
  },
  {
    "artistName": "Queen Latifah",
    "segment": "Previously Active Listeners"
  },
  {
    "artistName": "Orville Peck",
    "segment": "Previously Active Listeners"
  },
  {
    "artistName": "Chumbawamba",
    "segment": "Previously Active Listeners"
  },
  {
    "artistName": "Peach Tree Rascals",
    "segment": "Light listeners"
  },
  {
    "artistName": "Kiki Dee",
    "segment": "Previously Active Listeners"
  },
  {
    "artistName": "Twin Shadow",
    "segment": "Light listeners"
  },
  {
    "artistName": "Samantha Barks",
    "segment": "Previously Active Listeners"
  },
  {
    "artistName": "Lord Huron",
    "segment": "Previously Active Listeners"
  },
  {
    "artistName": "Fergie",
    "segment": "Previously Active Listeners"
  },
  {
    "artistName": "Good Charlotte",
    "segment": "Previously Active Listeners"
  },
  {
    "artistName": "Shania Twain",
    "segment": "Light listeners"
  },
  {
    "artistName": "Father John Misty",
    "segment": "Light listeners"
  },
  {
    "artistName": "St. Lucia",
    "segment": "Light listeners"
  },
  {
    "artistName": "Leslie Odom Jr.",
    "segment": "Previously Active Listeners"
  },
  {
    "artistName": "Thompson Twins",
    "segment": "Previously Active Listeners"
  },
  {
    "artistName": "Lorde",
    "segment": "Moderate listeners"
  },
  {
    "artistName": "Robert Randolph & The Family Band",
    "segment": "Previously Active Listeners"
  },
  {
    "artistName": "Childish Gambino",
    "segment": "Previously Active Listeners"
  },
  {
    "artistName": "Susan Tedeschi",
    "segment": "Previously Active Listeners"
  },
  {
    "artistName": "Ivy Queen",
    "segment": "Previously Active Listeners"
  },
  {
    "artistName": "Survivor",
    "segment": "Previously Active Listeners"
  },
  {
    "artistName": "Sean Paul",
    "segment": "Light listeners"
  },
  {
    "artistName": "The Weeknd",
    "segment": "Light listeners"
  },
  {
    "artistName": "Chromeo",
    "segment": "Previously Active Listeners"
  },
  {
    "artistName": "Panama",
    "segment": "Previously Active Listeners"
  },
  {
    "artistName": "Phoebe Bridgers",
    "segment": "Previously Active Listeners"
  },
  {
    "artistName": "Yaviah",
    "segment": "Previously Active Listeners"
  },
  {
    "artistName": "P!nk",
    "segment": "Previously Active Listeners"
  },
  {
    "artistName": "Kendrick Lamar",
    "segment": "Moderate listeners"
  },
  {
    "artistName": "Rascal Flatts",
    "segment": "Previously Active Listeners"
  },
  {
    "artistName": "Mark Morrison",
    "segment": "Previously Active Listeners"
  },
  {
    "artistName": "Mike 'Hitman' Wilson",
    "segment": "Previously Active Listeners"
  },
  {
    "artistName": "Majid Jordan",
    "segment": "Previously Active Listeners"
  },
  {
    "artistName": "waterbaby",
    "segment": "Light listeners"
  },
  {
    "artistName": "TLC",
    "segment": "Previously Active Listeners"
  },
  {
    "artistName": "Lady Gaga",
    "segment": "Light listeners"
  },
  {
    "artistName": "Imagine Dragons",
    "segment": "Previously Active Listeners"
  },
  {
    "artistName": "Vance Joy",
    "segment": "Light listeners"
  },
  {
    "artistName": "88rising",
    "segment": "Previously Active Listeners"
  },
  {
    "artistName": "U2",
    "segment": "Light listeners"
  },
  {
    "artistName": "Deee-Lite",
    "segment": "Previously Active Listeners"
  },
  {
    "artistName": "Martina McBride",
    "segment": "Previously Active Listeners"
  },
  {
    "artistName": "Nico Segal",
    "segment": "Previously Active Listeners"
  },
  {
    "artistName": "Joel Grey",
    "segment": "Previously Active Listeners"
  },
  {
    "artistName": "Third Eye Blind",
    "segment": "Light listeners"
  },
  {
    "artistName": "Kris Floyd",
    "segment": "Previously Active Listeners"
  },
  {
    "artistName": "Lin-Manuel Miranda",
    "segment": "Previously Active Listeners"
  },
  {
    "artistName": "Jet",
    "segment": "Previously Active Listeners"
  },
  {
    "artistName": "Earth, Wind & Fire",
    "segment": "Moderate listeners"
  },
  {
    "artistName": "Rocky",
    "segment": "Previously Active Listeners"
  },
  {
    "artistName": "Lola Young",
    "segment": "Light listeners"
  },
  {
    "artistName": "Fatman Scoop",
    "segment": "Previously Active Listeners"
  },
  {
    "artistName": "Kelly Clarkson",
    "segment": "Previously Active Listeners"
  },
  {
    "artistName": "PVRIS",
    "segment": "Previously Active Listeners"
  },
  {
    "artistName": "ScHoolboy Q",
    "segment": "Previously Active Listeners"
  },
  {
    "artistName": "Flight of the Conchords",
    "segment": "Previously Active Listeners"
  },
  {
    "artistName": "Rupert Holmes",
    "segment": "Previously Active Listeners"
  },
  {
    "artistName": "Caroline Polachek",
    "segment": "Previously Active Listeners"
  },
  {
    "artistName": "Luke Combs",
    "segment": "Previously Active Listeners"
  },
  {
    "artistName": "Brittany Snow",
    "segment": "Previously Active Listeners"
  },
  {
    "artistName": "José Feliciano",
    "segment": "Previously Active Listeners"
  },
  {
    "artistName": "The Psychedelic Furs",
    "segment": "Light listeners"
  },
  {
    "artistName": "Annie Lennox",
    "segment": "Previously Active Listeners"
  },
  {
    "artistName": "Sophie Ellis-Bextor",
    "segment": "Previously Active Listeners"
  },
  {
    "artistName": "Lukas Nelson",
    "segment": "Previously Active Listeners"
  },
  {
    "artistName": "Robyn",
    "segment": "Previously Active Listeners"
  },
  {
    "artistName": "HAIM",
    "segment": "Moderate listeners"
  },
  {
    "artistName": "Silk Sonic",
    "segment": "Light listeners"
  },
  {
    "artistName": "Ray Charles",
    "segment": "Previously Active Listeners"
  },
  {
    "artistName": "The Blessed Madonna",
    "segment": "Light listeners"
  },
  {
    "artistName": "Seal",
    "segment": "Previously Active Listeners"
  },
  {
    "artistName": "Naomi Scott",
    "segment": "Previously Active Listeners"
  },
  {
    "artistName": "Midland",
    "segment": "Light listeners"
  },
  {
    "artistName": "Brooks & Dunn",
    "segment": "Light listeners"
  },
  {
    "artistName": "CHVRCHES",
    "segment": "Moderate listeners"
  },
  {
    "artistName": "Kenny Rogers",
    "segment": "Previously Active Listeners"
  },
  {
    "artistName": "Green Day",
    "segment": "Moderate listeners"
  },
  {
    "artistName": "Gryffin",
    "segment": "Previously Active Listeners"
  },
  {
    "artistName": "Theresa Haggard",
    "segment": "Previously Active Listeners"
  },
  {
    "artistName": "Plain White T's",
    "segment": "Light listeners"
  },
  {
    "artistName": "Yan Block",
    "segment": "Previously Active Listeners"
  },
  {
    "artistName": "PUBLIC",
    "segment": "Previously Active Listeners"
  },
  {
    "artistName": "The Presidents Of The United States Of America",
    "segment": "Previously Active Listeners"
  },
  {
    "artistName": "Donna Summer",
    "segment": "Previously Active Listeners"
  },
  {
    "artistName": "Cage The Elephant",
    "segment": "Light listeners"
  },
  {
    "artistName": "Daya",
    "segment": "Previously Active Listeners"
  },
  {
    "artistName": "Brandi Carlile",
    "segment": "Moderate listeners"
  },
  {
    "artistName": "Doja Cat",
    "segment": "Previously Active Listeners"
  },
  {
    "artistName": "Aaron Lewis",
    "segment": "Previously Active Listeners"
  },
  {
    "artistName": "Jon Hopkins",
    "segment": "Previously Active Listeners"
  },
  {
    "artistName": "Olivia Rodrigo",
    "segment": "Moderate listeners"
  },
  {
    "artistName": "The Kooks",
    "segment": "Previously Active Listeners"
  },
  {
    "artistName": "Dido",
    "segment": "Previously Active Listeners"
  },
  {
    "artistName": "We The Kings",
    "segment": "Previously Active Listeners"
  },
  {
    "artistName": "Drake Bell",
    "segment": "Previously Active Listeners"
  },
  {
    "artistName": "Duncan Fellows",
    "segment": "Light listeners"
  },
  {
    "artistName": "John Carpenter",
    "segment": "Previously Active Listeners"
  },
  {
    "artistName": "Norah Jones",
    "segment": "Previously Active Listeners"
  },
  {
    "artistName": "Tainy",
    "segment": "Moderate listeners"
  },
  {
    "artistName": "Paramore",
    "segment": "Light listeners"
  },
  {
    "artistName": "Simple Minds",
    "segment": "Previously Active Listeners"
  },
  {
    "artistName": "Hank Williams, Jr.",
    "segment": "Previously Active Listeners"
  },
  {
    "artistName": "SAINt JHN",
    "segment": "Previously Active Listeners"
  },
  {
    "artistName": "LeAnn Rimes",
    "segment": "Previously Active Listeners"
  },
  {
    "artistName": "Adam Hicks",
    "segment": "Previously Active Listeners"
  },
  {
    "artistName": "Megan Thee Stallion",
    "segment": "Previously Active Listeners"
  },
  {
    "artistName": "Stevie Nicks",
    "segment": "Previously Active Listeners"
  },
  {
    "artistName": "RENT Soundtrack",
    "segment": "Previously Active Listeners"
  },
  {
    "artistName": "Counting Crows",
    "segment": "Light listeners"
  },
  {
    "artistName": "John Robie",
    "segment": "Previously Active Listeners"
  },
  {
    "artistName": "One Direction",
    "segment": "Light listeners"
  },
  {
    "artistName": "Rick James",
    "segment": "Previously Active Listeners"
  },
  {
    "artistName": "Miley Cyrus",
    "segment": "Moderate listeners"
  },
  {
    "artistName": "Clairo",
    "segment": "Moderate listeners"
  },
  {
    "artistName": "Boris Karloff",
    "segment": "Previously Active Listeners"
  },
  {
    "artistName": "Paul McCartney",
    "segment": "Previously Active Listeners"
  },
  {
    "artistName": "James Bay",
    "segment": "Previously Active Listeners"
  },
  {
    "artistName": "Clean Bandit",
    "segment": "Light listeners"
  },
  {
    "artistName": "Eladio Carrion",
    "segment": "Previously Active Listeners"
  },
  {
    "artistName": "Disclosure",
    "segment": "Light listeners"
  },
  {
    "artistName": "Leon Thomas",
    "segment": "Light listeners"
  },
  {
    "artistName": "Gwen Stefani",
    "segment": "Previously Active Listeners"
  },
  {
    "artistName": "Cali Y El Dandee",
    "segment": "Previously Active Listeners"
  },
  {
    "artistName": "Rooney",
    "segment": "Previously Active Listeners"
  },
  {
    "artistName": "Nine Days",
    "segment": "Previously Active Listeners"
  },
  {
    "artistName": "Hot Chelle Rae",
    "segment": "Previously Active Listeners"
  },
  {
    "artistName": "blink-182",
    "segment": "Previously Active Listeners"
  },
  {
    "artistName": "Smash Mouth",
    "segment": "Previously Active Listeners"
  },
  {
    "artistName": "BOYS LIKE GIRLS",
    "segment": "Previously Active Listeners"
  },
  {
    "artistName": "Dire Straits",
    "segment": "Previously Active Listeners"
  },
  {
    "artistName": "They Might Be Giants",
    "segment": "Previously Active Listeners"
  },
  {
    "artistName": "Lily Allen",
    "segment": "Light listeners"
  },
  {
    "artistName": "My Chemical Romance",
    "segment": "Previously Active Listeners"
  },
  {
    "artistName": "Thurl Ravenscroft",
    "segment": "Previously Active Listeners"
  },
  {
    "artistName": "Nelly Furtado",
    "segment": "Previously Active Listeners"
  },
  {
    "artistName": "Tina Turner",
    "segment": "Previously Active Listeners"
  },
  {
    "artistName": "B.o.B",
    "segment": "Previously Active Listeners"
  },
  {
    "artistName": "Jim Reeves",
    "segment": "Previously Active Listeners"
  },
  {
    "artistName": "Alana Springsteen",
    "segment": "Previously Active Listeners"
  },
  {
    "artistName": "Fleetwood Mac",
    "segment": "Moderate listeners"
  },
  {
    "artistName": "Big Sean",
    "segment": "Previously Active Listeners"
  },
  {
    "artistName": "Seven Lions",
    "segment": "Previously Active Listeners"
  },
  {
    "artistName": "Greg Wells",
    "segment": "Previously Active Listeners"
  },
  {
    "artistName": "Olly Murs",
    "segment": "Previously Active Listeners"
  },
  {
    "artistName": "Wilson Jermaine Heredia",
    "segment": "Previously Active Listeners"
  },
  {
    "artistName": "Oliver Hazard",
    "segment": "Previously Active Listeners"
  },
  {
    "artistName": "The Emotions",
    "segment": "Previously Active Listeners"
  },
  {
    "artistName": "Jowell & Randy",
    "segment": "Previously Active Listeners"
  },
  {
    "artistName": "Summer Walker",
    "segment": "Light listeners"
  },
  {
    "artistName": "King Princess",
    "segment": "Previously Active Listeners"
  },
  {
    "artistName": "Artists for Haiti",
    "segment": "Previously Active Listeners"
  },
  {
    "artistName": "Beach Bunny",
    "segment": "Light listeners"
  },
  {
    "artistName": "Commodores",
    "segment": "Previously Active Listeners"
  },
  {
    "artistName": "The Monkees",
    "segment": "Previously Active Listeners"
  },
  {
    "artistName": "M83",
    "segment": "Previously Active Listeners"
  },
  {
    "artistName": "Selena",
    "segment": "Previously Active Listeners"
  },
  {
    "artistName": "Talking Heads",
    "segment": "Light listeners"
  },
  {
    "artistName": "Nio Garcia",
    "segment": "Previously Active Listeners"
  },
  {
    "artistName": "Phil Good",
    "segment": "Previously Active Listeners"
  },
  {
    "artistName": "Dominick Amendum",
    "segment": "Previously Active Listeners"
  },
  {
    "artistName": "R.E.M.",
    "segment": "Super Listeners"
  },
  {
    "artistName": "Looking Glass",
    "segment": "Light listeners"
  },
  {
    "artistName": "Carrie Underwood",
    "segment": "Previously Active Listeners"
  },
  {
    "artistName": "Dayglow",
    "segment": "Previously Active Listeners"
  },
  {
    "artistName": "Willie Jones",
    "segment": "Moderate listeners"
  },
  {
    "artistName": "Sergei Rachmaninoff",
    "segment": "Previously Active Listeners"
  },
  {
    "artistName": "Kool & The Gang",
    "segment": "Light listeners"
  },
  {
    "artistName": "Wilco",
    "segment": "Previously Active Listeners"
  },
  {
    "artistName": "Greg Wells",
    "segment": "Previously Active Listeners"
  },
  {
    "artistName": "Niall Horan",
    "segment": "Moderate listeners"
  },
  {
    "artistName": "Modest Mouse",
    "segment": "Previously Active Listeners"
  },
  {
    "artistName": "Shygirl",
    "segment": "Previously Active Listeners"
  },
  {
    "artistName": "Jodi Benson",
    "segment": "Previously Active Listeners"
  },
  {
    "artistName": "Nikki Blonsky",
    "segment": "Previously Active Listeners"
  },
  {
    "artistName": "Backstreet Boys",
    "segment": "Previously Active Listeners"
  },
  {
    "artistName": "Oasis",
    "segment": "Previously Active Listeners"
  },
  {
    "artistName": "Roy Orbison",
    "segment": "Previously Active Listeners"
  },
  {
    "artistName": "John Nature",
    "segment": "Previously Active Listeners"
  },
  {
    "artistName": "The Japanese House",
    "segment": "Previously Active Listeners"
  },
  {
    "artistName": "De La Ghetto",
    "segment": "Previously Active Listeners"
  },
  {
    "artistName": "Próxima Parada",
    "segment": "Previously Active Listeners"
  },
  {
    "artistName": "Kesha",
    "segment": "Previously Active Listeners"
  },
  {
    "artistName": "Alan Menken",
    "segment": "Previously Active Listeners"
  },
  {
    "artistName": "Steve Miller Band",
    "segment": "Previously Active Listeners"
  },
  {
    "artistName": "Talk Talk",
    "segment": "Previously Active Listeners"
  },
  {
    "artistName": "John Williams",
    "segment": "Previously Active Listeners"
  },
  {
    "artistName": "Blondie",
    "segment": "Previously Active Listeners"
  },
  {
    "artistName": "Soft Cell",
    "segment": "Previously Active Listeners"
  },
  {
    "artistName": "Fleet Foxes",
    "segment": "Light listeners"
  },
  {
    "artistName": "Los Legendarios",
    "segment": "Light listeners"
  },
  {
    "artistName": "Alan Jackson",
    "segment": "Previously Active Listeners"
  },
  {
    "artistName": "Original Broadway Cast of Shucked",
    "segment": "Previously Active Listeners"
  },
  {
    "artistName": "PinkPantheress",
    "segment": "Previously Active Listeners"
  },
  {
    "artistName": "Carole Shelley",
    "segment": "Previously Active Listeners"
  },
  {
    "artistName": "Nathaniel Rateliff",
    "segment": "Previously Active Listeners"
  },
  {
    "artistName": "Robert Smith",
    "segment": "Previously Active Listeners"
  },
  {
    "artistName": "Santana",
    "segment": "Light listeners"
  },
  {
    "artistName": "Yellowcard",
    "segment": "Previously Active Listeners"
  },
  {
    "artistName": "Tony Dize",
    "segment": "Previously Active Listeners"
  },
  {
    "artistName": "Wham!",
    "segment": "Previously Active Listeners"
  },
  {
    "artistName": "The Chicks",
    "segment": "Moderate listeners"
  },
  {
    "artistName": "Kris Kristofferson",
    "segment": "Previously Active Listeners"
  },
  {
    "artistName": "Rick Springfield",
    "segment": "Previously Active Listeners"
  },
  {
    "artistName": "Squeeze",
    "segment": "Previously Active Listeners"
  },
  {
    "artistName": "Bastille",
    "segment": "Previously Active Listeners"
  },
  {
    "artistName": "Fountains Of Wayne",
    "segment": "Light listeners"
  },
  {
    "artistName": "Kim Petras",
    "segment": "Previously Active Listeners"
  },
  {
    "artistName": "The Ronettes",
    "segment": "Previously Active Listeners"
  },
  {
    "artistName": "Cindy Benson",
    "segment": "Previously Active Listeners"
  },
  {
    "artistName": "Micah Nelson",
    "segment": "Previously Active Listeners"
  },
  {
    "artistName": "Demi Lovato",
    "segment": "Previously Active Listeners"
  },
  {
    "artistName": "Jungle",
    "segment": "Previously Active Listeners"
  },
  {
    "artistName": "John Lennon",
    "segment": "Previously Active Listeners"
  },
  {
    "artistName": "Drake",
    "segment": "Light listeners"
  },
  {
    "artistName": "Dominic Fike",
    "segment": "Previously Active Listeners"
  },
  {
    "artistName": "Snoop Dogg",
    "segment": "Previously Active Listeners"
  },
  {
    "artistName": "Hazel English",
    "segment": "Previously Active Listeners"
  },
  {
    "artistName": "Prince",
    "segment": "Light listeners"
  },
  {
    "artistName": "Joel Corry",
    "segment": "Previously Active Listeners"
  },
  {
    "artistName": "Del Water Gap",
    "segment": "Moderate listeners"
  },
  {
    "artistName": "Radiohead",
    "segment": "Light listeners"
  },
  {
    "artistName": "Bruno Mars",
    "segment": "Light listeners"
  },
  {
    "artistName": "WILLIS",
    "segment": "Previously Active Listeners"
  },
  {
    "artistName": "Warren Haynes",
    "segment": "Previously Active Listeners"
  },
  {
    "artistName": "Kelsea Ballerini",
    "segment": "Previously Active Listeners"
  },
  {
    "artistName": "Hootie & The Blowfish",
    "segment": "Previously Active Listeners"
  },
  {
    "artistName": "David Bowie",
    "segment": "Previously Active Listeners"
  },
  {
    "artistName": "Waylon Jennings",
    "segment": "Previously Active Listeners"
  },
  {
    "artistName": "Daveed Diggs",
    "segment": "Previously Active Listeners"
  },
  {
    "artistName": "Sinéad O'Connor",
    "segment": "Previously Active Listeners"
  },
  {
    "artistName": "Jonas Brothers",
    "segment": "Light listeners"
  },
  {
    "artistName": "Bobby McFerrin",
    "segment": "Previously Active Listeners"
  },
  {
    "artistName": "Joy Oladokun",
    "segment": "Light listeners"
  },
  {
    "artistName": "Zac Efron",
    "segment": "Previously Active Listeners"
  },
  {
    "artistName": "Gabry Ponte",
    "segment": "Previously Active Listeners"
  },
  {
    "artistName": "Kygo",
    "segment": "Previously Active Listeners"
  },
  {
    "artistName": "Jory Boy",
    "segment": "Previously Active Listeners"
  },
  {
    "artistName": "Foo Fighters",
    "segment": "Previously Active Listeners"
  },
  {
    "artistName": "Ray Benson",
    "segment": "Previously Active Listeners"
  },
  {
    "artistName": "Anjana Vasan",
    "segment": "Previously Active Listeners"
  },
  {
    "artistName": "Lucinda Williams",
    "segment": "Previously Active Listeners"
  },
  {
    "artistName": "Crazy Horse",
    "segment": "Previously Active Listeners"
  },
  {
    "artistName": "Cautious Clay",
    "segment": "Previously Active Listeners"
  },
  {
    "artistName": "JAWNY",
    "segment": "Previously Active Listeners"
  },
  {
    "artistName": "5 Seconds of Summer",
    "segment": "Light listeners"
  },
  {
    "artistName": "Japanese Breakfast",
    "segment": "Previously Active Listeners"
  },
  {
    "artistName": "Ava Max",
    "segment": "Previously Active Listeners"
  },
  {
    "artistName": "DNCE",
    "segment": "Previously Active Listeners"
  },
  {
    "artistName": "Renée Elise Goldsberry",
    "segment": "Previously Active Listeners"
  },
  {
    "artistName": "The Pogues",
    "segment": "Previously Active Listeners"
  },
  {
    "artistName": "Gavin DeGraw",
    "segment": "Previously Active Listeners"
  },
  {
    "artistName": "Vince Guaraldi Trio",
    "segment": "Previously Active Listeners"
  },
  {
    "artistName": "Jay Rock",
    "segment": "Previously Active Listeners"
  },
  {
    "artistName": "Gidon Kremer",
    "segment": "Previously Active Listeners"
  },
  {
    "artistName": "Busty and the Bass",
    "segment": "Previously Active Listeners"
  },
  {
    "artistName": "Dua Lipa",
    "segment": "Moderate listeners"
  },
  {
    "artistName": "Brittany Howard",
    "segment": "Light listeners"
  },
  {
    "artistName": "Daddy Yankee",
    "segment": "Previously Active Listeners"
  },
  {
    "artistName": "Jeremy Zucker",
    "segment": "Previously Active Listeners"
  },
  {
    "artistName": "Danna Paola",
    "segment": "Previously Active Listeners"
  },
  {
    "artistName": "Caetano Veloso",
    "segment": "Previously Active Listeners"
  },
  {
    "artistName": "Carly Simon",
    "segment": "Previously Active Listeners"
  },
  {
    "artistName": "Diana Ross",
    "segment": "Previously Active Listeners"
  },
  {
    "artistName": "Finger Eleven",
    "segment": "Previously Active Listeners"
  },
  {
    "artistName": "Young Thug",
    "segment": "Previously Active Listeners"
  },
  {
    "artistName": "Rainbow Kitten Surprise",
    "segment": "Super Listeners"
  },
  {
    "artistName": "Bananarama",
    "segment": "Previously Active Listeners"
  },
  {
    "artistName": "Buscabulla",
    "segment": "Light listeners"
  },
  {
    "artistName": "Jarabe De Palo",
    "segment": "Previously Active Listeners"
  },
  {
    "artistName": "Neil Diamond",
    "segment": "Previously Active Listeners"
  },
  {
    "artistName": "Jimmy Buffett",
    "segment": "Previously Active Listeners"
  },
  {
    "artistName": "James Brown",
    "segment": "Previously Active Listeners"
  },
  {
    "artistName": "Khary",
    "segment": "Previously Active Listeners"
  },
  {
    "artistName": "Idina Menzel",
    "segment": "Previously Active Listeners"
  },
  {
    "artistName": "Sugar Ray",
    "segment": "Previously Active Listeners"
  },
  {
    "artistName": "KT Tunstall",
    "segment": "Light listeners"
  },
  {
    "artistName": "Wiz Khalifa",
    "segment": "Previously Active Listeners"
  },
  {
    "artistName": "The Drifters",
    "segment": "Previously Active Listeners"
  },
  {
    "artistName": "Kany García",
    "segment": "Previously Active Listeners"
  },
  {
    "artistName": "Judeline",
    "segment": "Previously Active Listeners"
  },
  {
    "artistName": "Marvin Gaye",
    "segment": "Light listeners"
  },
  {
    "artistName": "Natalie Imbruglia",
    "segment": "Previously Active Listeners"
  },
  {
    "artistName": "Jessie J",
    "segment": "Previously Active Listeners"
  },
  {
    "artistName": "The Beatles",
    "segment": "Moderate listeners"
  },
  {
    "artistName": "Kungs",
    "segment": "Moderate listeners"
  },
  {
    "artistName": "Estelle",
    "segment": "Previously Active Listeners"
  },
  {
    "artistName": "Justin Bieber",
    "segment": "Previously Active Listeners"
  },
  {
    "artistName": "Macy Gray",
    "segment": "Previously Active Listeners"
  },
  {
    "artistName": "Tears For Fears",
    "segment": "Light listeners"
  },
  {
    "artistName": "The Supremes",
    "segment": "Light listeners"
  },
  {
    "artistName": "Shaggy",
    "segment": "Light listeners"
  },
  {
    "artistName": "Tom Moulton",
    "segment": "Previously Active Listeners"
  },
  {
    "artistName": "Susan Egan",
    "segment": "Previously Active Listeners"
  },
  {
    "artistName": "Marshmello",
    "segment": "Previously Active Listeners"
  },
  {
    "artistName": "Adam Pascal",
    "segment": "Previously Active Listeners"
  },
  {
    "artistName": "Depeche Mode",
    "segment": "Previously Active Listeners"
  },
  {
    "artistName": "Villano Antillano",
    "segment": "Previously Active Listeners"
  },
  {
    "artistName": "DREAMERS",
    "segment": "Previously Active Listeners"
  },
  {
    "artistName": "Real Estate",
    "segment": "Previously Active Listeners"
  },
  {
    "artistName": "Still Woozy",
    "segment": "Previously Active Listeners"
  },
  {
    "artistName": "Kal Banx",
    "segment": "Previously Active Listeners"
  },
  {
    "artistName": "Chris Stapleton",
    "segment": "Moderate listeners"
  },
  {
    "artistName": "Farruko",
    "segment": "Previously Active Listeners"
  },
  {
    "artistName": "Iron & Wine",
    "segment": "Previously Active Listeners"
  },
  {
    "artistName": "Cher",
    "segment": "Previously Active Listeners"
  },
  {
    "artistName": "Eiffel 65",
    "segment": "Previously Active Listeners"
  },
  {
    "artistName": "MisterWives",
    "segment": "Previously Active Listeners"
  },
  {
    "artistName": "The Darkness",
    "segment": "Previously Active Listeners"
  },
  {
    "artistName": "Skrillex",
    "segment": "Previously Active Listeners"
  },
  {
    "artistName": "King Harvest",
    "segment": "Previously Active Listeners"
  },
  {
    "artistName": "Ty Dolla $ign",
    "segment": "Previously Active Listeners"
  },
  {
    "artistName": "A Tribe Called Quest",
    "segment": "Previously Active Listeners"
  },
  {
    "artistName": "The Muppets",
    "segment": "Previously Active Listeners"
  },
  {
    "artistName": "Indigo Girls",
    "segment": "Light listeners"
  },
  {
    "artistName": "Big Data",
    "segment": "Previously Active Listeners"
  },
  {
    "artistName": "John Denver",
    "segment": "Previously Active Listeners"
  },
  {
    "artistName": "Mark Ronson",
    "segment": "Previously Active Listeners"
  },
  {
    "artistName": "Zion & Lennox",
    "segment": "Previously Active Listeners"
  },
  {
    "artistName": "Glee Cast",
    "segment": "Light listeners"
  },
  {
    "artistName": "Hayley Kiyoko",
    "segment": "Previously Active Listeners"
  },
  {
    "artistName": "half•alive",
    "segment": "Previously Active Listeners"
  },
  {
    "artistName": "Lenny Kravitz",
    "segment": "Previously Active Listeners"
  },
  {
    "artistName": "Latto",
    "segment": "Previously Active Listeners"
  },
  {
    "artistName": "Lucy Dacus",
    "segment": "Previously Active Listeners"
  },
  {
    "artistName": "Britney Spears",
    "segment": "Previously Active Listeners"
  },
  {
    "artistName": "for KING & COUNTRY",
    "segment": "Previously Active Listeners"
  },
  {
    "artistName": "Linda Ronstadt",
    "segment": "Previously Active Listeners"
  },
  {
    "artistName": "Aaron Tveit",
    "segment": "Previously Active Listeners"
  },
  {
    "artistName": "Heart",
    "segment": "Previously Active Listeners"
  },
  {
    "artistName": "Kids At Midnight",
    "segment": "Previously Active Listeners"
  },
  {
    "artistName": "New Radicals",
    "segment": "Previously Active Listeners"
  },
  {
    "artistName": "Jordy Searcy",
    "segment": "Previously Active Listeners"
  },
  {
    "artistName": "Steve Earle",
    "segment": "Previously Active Listeners"
  },
  {
    "artistName": "Petticoat",
    "segment": "Previously Active Listeners"
  },
  {
    "artistName": "Lemonade Mouth",
    "segment": "Previously Active Listeners"
  },
  {
    "artistName": "The Marías",
    "segment": "Moderate listeners"
  },
  {
    "artistName": "The Fontane Sisters",
    "segment": "Previously Active Listeners"
  },
  {
    "artistName": "Neil Young",
    "segment": "Previously Active Listeners"
  },
  {
    "artistName": "Chris Janson",
    "segment": "Previously Active Listeners"
  },
  {
    "artistName": "CeeLo Green",
    "segment": "Light listeners"
  },
  {
    "artistName": "Madonna",
    "segment": "Previously Active Listeners"
  },
  {
    "artistName": "George Thorogood & The Destroyers",
    "segment": "Previously Active Listeners"
  },
  {
    "artistName": "Gym Class Heroes",
    "segment": "Previously Active Listeners"
  },
  {
    "artistName": "Pitbull",
    "segment": "Previously Active Listeners"
  },
  {
    "artistName": "Hannah Montana",
    "segment": "Previously Active Listeners"
  },
  {
    "artistName": "Pretty Sister",
    "segment": "Previously Active Listeners"
  },
  {
    "artistName": "Les Misérables Cast",
    "segment": "Previously Active Listeners"
  },
  {
    "artistName": "Sara Bareilles",
    "segment": "Previously Active Listeners"
  },
  {
    "artistName": "a-ha",
    "segment": "Light listeners"
  },
  {
    "artistName": "Ross Lynch",
    "segment": "Previously Active Listeners"
  },
  {
    "artistName": "Tammi Terrell",
    "segment": "Light listeners"
  },
  {
    "artistName": "Charli xcx",
    "segment": "Previously Active Listeners"
  },
  {
    "artistName": "Hannes",
    "segment": "Light listeners"
  },
  {
    "artistName": "Frank Ocean",
    "segment": "Light listeners"
  },
  {
    "artistName": "Jason Segel",
    "segment": "Previously Active Listeners"
  },
  {
    "artistName": "A$AP Rocky",
    "segment": "Light listeners"
  },
  {
    "artistName": "Stevie Ray Vaughan",
    "segment": "Previously Active Listeners"
  },
  {
    "artistName": "Dave Matthews",
    "segment": "Previously Active Listeners"
  },
  {
    "artistName": "Bedouine",
    "segment": "Previously Active Listeners"
  },
  {
    "artistName": "Chloe x Halle",
    "segment": "Previously Active Listeners"
  },
  {
    "artistName": "Seeing Double",
    "segment": "Light listeners"
  },
  {
    "artistName": "David Byrne",
    "segment": "Previously Active Listeners"
  },
  {
    "artistName": "Phil Collins",
    "segment": "Previously Active Listeners"
  },
  {
    "artistName": "Cosculluela",
    "segment": "Previously Active Listeners"
  },
  {
    "artistName": "Shakira",
    "segment": "Previously Active Listeners"
  },
  {
    "artistName": "Royel Otis",
    "segment": "Light listeners"
  },
  {
    "artistName": "Men Without Hats",
    "segment": "Previously Active Listeners"
  },
  {
    "artistName": "Thievery Corporation",
    "segment": "Previously Active Listeners"
  },
  {
    "artistName": "Stephen Sanchez",
    "segment": "Previously Active Listeners"
  },
  {
    "artistName": "Ne-Yo",
    "segment": "Previously Active Listeners"
  },
  {
    "artistName": "Mulan - Cast",
    "segment": "Previously Active Listeners"
  },
  {
    "artistName": "Boston Pops Orchestra",
    "segment": "Previously Active Listeners"
  },
  {
    "artistName": "SiR",
    "segment": "Previously Active Listeners"
  },
  {
    "artistName": "Chris Rea",
    "segment": "Previously Active Listeners"
  },
  {
    "artistName": "Jesse Corti",
    "segment": "Previously Active Listeners"
  },
  {
    "artistName": "Fall Out Boy",
    "segment": "Moderate listeners"
  },
  {
    "artistName": "ERNEST",
    "segment": "Light listeners"
  },
  {
    "artistName": "Chelsea Cutler",
    "segment": "Previously Active Listeners"
  },
  {
    "artistName": "Twenty One Pilots",
    "segment": "Previously Active Listeners"
  },
  {
    "artistName": "Selena Gomez",
    "segment": "Previously Active Listeners"
  },
  {
    "artistName": "CLUBZ",
    "segment": "Moderate listeners"
  },
  {
    "artistName": "Rex Orange County",
    "segment": "Previously Active Listeners"
  },
  {
    "artistName": "Selena Gomez & The Scene",
    "segment": "Previously Active Listeners"
  },
  {
    "artistName": "Mýa",
    "segment": "Previously Active Listeners"
  },
  {
    "artistName": "Troye Sivan",
    "segment": "Moderate listeners"
  },
  {
    "artistName": "The Verve",
    "segment": "Previously Active Listeners"
  },
  {
    "artistName": "Darlene Love",
    "segment": "Previously Active Listeners"
  },
  {
    "artistName": "Wild Cherry",
    "segment": "Previously Active Listeners"
  },
  {
    "artistName": "J Balvin",
    "segment": "Moderate listeners"
  },
  {
    "artistName": "Audien",
    "segment": "Previously Active Listeners"
  },
  {
    "artistName": "Arcángel",
    "segment": "Light listeners"
  },
  {
    "artistName": "Jesse McCartney",
    "segment": "Previously Active Listeners"
  },
  {
    "artistName": "Steely Dan",
    "segment": "Previously Active Listeners"
  },
  {
    "artistName": "Travie McCoy",
    "segment": "Previously Active Listeners"
  },
  {
    "artistName": "Nirvana",
    "segment": "Light listeners"
  },
  {
    "artistName": "MEDUZA",
    "segment": "Previously Active Listeners"
  },
  {
    "artistName": "Jennifer Warnes",
    "segment": "Previously Active Listeners"
  },
  {
    "artistName": "Harry Styles",
    "segment": "Super Listeners"
  },
  {
    "artistName": "Ben Haggard",
    "segment": "Previously Active Listeners"
  },
  {
    "artistName": "Lee Ann Womack",
    "segment": "Previously Active Listeners"
  },
  {
    "artistName": "Judy Kuhn",
    "segment": "Previously Active Listeners"
  },
  {
    "artistName": "Supertaste",
    "segment": "Light listeners"
  },
  {
    "artistName": "Electric Light Orchestra",
    "segment": "Previously Active Listeners"
  },
  {
    "artistName": "Romeo Santos",
    "segment": "Light listeners"
  },
  {
    "artistName": "Shep Pettibone",
    "segment": "Previously Active Listeners"
  },
  {
    "artistName": "Billy Joel",
    "segment": "Previously Active Listeners"
  },
  {
    "artistName": "SG Lewis",
    "segment": "Previously Active Listeners"
  },
  {
    "artistName": "Billie Eilish",
    "segment": "Light listeners"
  },
  {
    "artistName": "Parliament",
    "segment": "Light listeners"
  },
  {
    "artistName": "Sly & The Family Stone",
    "segment": "Previously Active Listeners"
  },
  {
    "artistName": "Lynyrd Skynyrd",
    "segment": "Previously Active Listeners"
  },
  {
    "artistName": "Snow Patrol",
    "segment": "Previously Active Listeners"
  },
  {
    "artistName": "Remi Wolf",
    "segment": "Moderate listeners"
  },
  {
    "artistName": "The Buggles",
    "segment": "Previously Active Listeners"
  },
  {
    "artistName": "Quinn XCII",
    "segment": "Previously Active Listeners"
  },
  {
    "artistName": "A Touch Of Class",
    "segment": "Previously Active Listeners"
  },
  {
    "artistName": "Pedro Capó",
    "segment": "Previously Active Listeners"
  },
  {
    "artistName": "Billy F Gibbons",
    "segment": "Previously Active Listeners"
  },
  {
    "artistName": "RaiNao",
    "segment": "Previously Active Listeners"
  },
  {
    "artistName": "Bad Suns",
    "segment": "Light listeners"
  },
  {
    "artistName": "Lucas Grabeel",
    "segment": "Previously Active Listeners"
  },
  {
    "artistName": "Younger Hunger",
    "segment": "Previously Active Listeners"
  },
  {
    "artistName": "STRABE",
    "segment": "Previously Active Listeners"
  },
  {
    "artistName": "Atlantic Holiday",
    "segment": "Previously Active Listeners"
  },
  {
    "artistName": "KATSEYE",
    "segment": "Previously Active Listeners"
  },
  {
    "artistName": "Lainey Wilson",
    "segment": "Light listeners"
  },
  {
    "artistName": "Emmylou Harris",
    "segment": "Previously Active Listeners"
  },
  {
    "artistName": "Rick Astley",
    "segment": "Previously Active Listeners"
  },
  {
    "artistName": "Eric Church",
    "segment": "Previously Active Listeners"
  },
  {
    "artistName": "Queen",
    "segment": "Moderate listeners"
  },
  {
    "artistName": "Dustin Tebbutt",
    "segment": "Light listeners"
  },
  {
    "artistName": "X-Press 2",
    "segment": "Previously Active Listeners"
  },
  {
    "artistName": "USHER",
    "segment": "Previously Active Listeners"
  },
  {
    "artistName": "2 Chainz",
    "segment": "Previously Active Listeners"
  },
  {
    "artistName": "Panic! At The Disco",
    "segment": "Light listeners"
  },
  {
    "artistName": "ATL Jacob",
    "segment": "Previously Active Listeners"
  },
  {
    "artistName": "Porter Wagoner",
    "segment": "Previously Active Listeners"
  },
  {
    "artistName": "Yuno",
    "segment": "Previously Active Listeners"
  },
  {
    "artistName": "Daði Freyr",
    "segment": "Previously Active Listeners"
  },
  {
    "artistName": "Daryl Hall & John Oates",
    "segment": "Light listeners"
  },
  {
    "artistName": "Myke Towers",
    "segment": "Previously Active Listeners"
  },
  {
    "artistName": "Smino",
    "segment": "Previously Active Listeners"
  },
  {
    "artistName": "All Time Low",
    "segment": "Previously Active Listeners"
  },
  {
    "artistName": "Two Door Cinema Club",
    "segment": "Light listeners"
  },
  {
    "artistName": "Billy Strings",
    "segment": "Light listeners"
  },
  {
    "artistName": "Yandel",
    "segment": "Previously Active Listeners"
  },
  {
    "artistName": "Daniil Trifonov",
    "segment": "Previously Active Listeners"
  },
  {
    "artistName": "Bridgit Mendler",
    "segment": "Previously Active Listeners"
  },
  {
    "artistName": "Pharrell Williams",
    "segment": "Previously Active Listeners"
  },
  {
    "artistName": "Michael Andrews",
    "segment": "Previously Active Listeners"
  },
  {
    "artistName": "Louis Armstrong",
    "segment": "Previously Active Listeners"
  },
  {
    "artistName": "Janelle Monáe",
    "segment": "Previously Active Listeners"
  },
  {
    "artistName": "Cascada",
    "segment": "Previously Active Listeners"
  },
  {
    "artistName": "Madi Diaz",
    "segment": "Previously Active Listeners"
  },
  {
    "artistName": "Men At Work",
    "segment": "Previously Active Listeners"
  },
  {
    "artistName": "Christopher Walken",
    "segment": "Previously Active Listeners"
  },
  {
    "artistName": "The Fratellis",
    "segment": "Previously Active Listeners"
  },
  {
    "artistName": "Whitney Houston",
    "segment": "Previously Active Listeners"
  },
  {
    "artistName": "Al Green",
    "segment": "Previously Active Listeners"
  },
  {
    "artistName": "RAC",
    "segment": "Previously Active Listeners"
  },
  {
    "artistName": "Disney",
    "segment": "Previously Active Listeners"
  },
  {
    "artistName": "Ronnie Dunn",
    "segment": "Previously Active Listeners"
  },
  {
    "artistName": "Bizarrap",
    "segment": "Previously Active Listeners"
  },
  {
    "artistName": "Joy Division",
    "segment": "Previously Active Listeners"
  },
  {
    "artistName": "Cass Elliot",
    "segment": "Previously Active Listeners"
  },
  {
    "artistName": "The Backseat Lovers",
    "segment": "Previously Active Listeners"
  },
  {
    "artistName": "Lil' Kim",
    "segment": "Previously Active Listeners"
  },
  {
    "artistName": "TOTO",
    "segment": "Light listeners"
  },
  {
    "artistName": "The Jacksons",
    "segment": "Previously Active Listeners"
  },
  {
    "artistName": "Madness",
    "segment": "Previously Active Listeners"
  },
  {
    "artistName": "Reneé Rapp",
    "segment": "Previously Active Listeners"
  },
  {
    "artistName": "Bebe Rexha",
    "segment": "Previously Active Listeners"
  },
  {
    "artistName": "The Head And The Heart",
    "segment": "Previously Active Listeners"
  },
  {
    "artistName": "Alicia Keys",
    "segment": "Previously Active Listeners"
  },
  {
    "artistName": "Marc Shaiman",
    "segment": "Previously Active Listeners"
  },
  {
    "artistName": "New Order",
    "segment": "Previously Active Listeners"
  },
  {
    "artistName": "Of Monsters and Men",
    "segment": "Previously Active Listeners"
  },
  {
    "artistName": "Phantogram",
    "segment": "Previously Active Listeners"
  },
  {
    "artistName": "Eurythmics",
    "segment": "Previously Active Listeners"
  },
  {
    "artistName": "Brenda Lee",
    "segment": "Previously Active Listeners"
  },
  {
    "artistName": "Andy Williams",
    "segment": "Previously Active Listeners"
  },
  {
    "artistName": "Doechii",
    "segment": "Moderate listeners"
  },
  {
    "artistName": "Gotye",
    "segment": "Previously Active Listeners"
  },
  {
    "artistName": "Lyle Lovett",
    "segment": "Previously Active Listeners"
  },
  {
    "artistName": "Bear McCreary",
    "segment": "Previously Active Listeners"
  },
  {
    "artistName": "Connie Smith",
    "segment": "Previously Active Listeners"
  },
  {
    "artistName": "Francis and the Lights",
    "segment": "Previously Active Listeners"
  },
  {
    "artistName": "Conan Gray",
    "segment": "Light listeners"
  },
  {
    "artistName": "Jackie Wilson",
    "segment": "Previously Active Listeners"
  }
]