[
  {
    "platform" : "",
    "searchTime" : "2025-04-26T02:53:29.110Z[UTC]",
    "searchQuery" : "ra",
    "searchInteractionURIs" : [
    ]
  },
  {
    "platform" : "",
    "searchTime" : "2025-04-26T02:53:29.118Z[UTC]",
    "searchQuery" : "rai",
    "searchInteractionURIs" : [
    ]
  },
  {
    "platform" : "",
    "searchTime" : "2025-04-26T02:53:29.120Z[UTC]",
    "searchQuery" : "r",
    "searchInteractionURIs" : [
    ]
  },
  {
    "platform" : "",
    "searchTime" : "2025-04-26T02:53:29.178Z[UTC]",
    "searchQuery" : "ra",
    "searchInteractionURIs" : [
    ]
  },
  {
    "platform" : "",
    "searchTime" : "2025-04-26T02:53:29.179Z[UTC]",
    "searchQuery" : "rai",
    "searchInteractionURIs" : [
    ]
  },
  {
    "platform" : "",
    "searchTime" : "2025-04-26T02:53:29.191Z[UTC]",
    "searchQuery" : "r",
    "searchInteractionURIs" : [
    ]
  },
  {
    "platform" : "",
    "searchTime" : "2025-04-26T02:53:29.449Z[UTC]",
    "searchQuery" : "rainbo",
    "searchInteractionURIs" : [
    ]
  },
  {
    "platform" : "",
    "searchTime" : "2025-04-26T02:53:29.517Z[UTC]",
    "searchQuery" : "rainbo",
    "searchInteractionURIs" : [
    ]
  },
  {
    "platform" : "IPHONE",
    "searchTime" : "2025-04-26T02:53:30.060Z[UTC]",
    "searchQuery" : "rainbow",
    "searchInteractionURIs" : [
      "spotify:track:6KOtheMY0KN4s9TrQHr9It"
    ]
  },
  {
    "platform" : "",
    "searchTime" : "2025-04-28T13:50:29.572Z[UTC]",
    "searchQuery" : "lo",
    "searchInteractionURIs" : [
    ]
  },
  {
    "platform" : "",
    "searchTime" : "2025-04-28T13:50:29.574Z[UTC]",
    "searchQuery" : "l",
    "searchInteractionURIs" : [
    ]
  },
  {
    "platform" : "",
    "searchTime" : "2025-04-28T13:50:29.636Z[UTC]",
    "searchQuery" : "l",
    "searchInteractionURIs" : [
    ]
  },
  {
    "platform" : "",
    "searchTime" : "2025-04-28T13:50:29.645Z[UTC]",
    "searchQuery" : "lo",
    "searchInteractionURIs" : [
    ]
  },
  {
    "platform" : "IPHONE_ARM64",
    "searchTime" : "2025-04-28T13:50:29.883Z[UTC]",
    "searchQuery" : "lor",
    "searchInteractionURIs" : [
    ]
  },
  {
    "platform" : "IPHONE",
    "searchTime" : "2025-04-28T13:50:30.605Z[UTC]",
    "searchQuery" : "lorde",
    "searchInteractionURIs" : [
      "spotify:artist:163tK9Wjr9P9DmM0AVK7lm"
    ]
  },
  {
    "platform" : "",
    "searchTime" : "2025-05-05T16:02:10.985Z[UTC]",
    "searchQuery" : "sne",
    "searchInteractionURIs" : [
    ]
  },
  {
    "platform" : "",
    "searchTime" : "2025-05-05T16:02:10.987Z[UTC]",
    "searchQuery" : "sn",
    "searchInteractionURIs" : [
    ]
  },
  {
    "platform" : "",
    "searchTime" : "2025-05-05T16:02:11.063Z[UTC]",
    "searchQuery" : "sne",
    "searchInteractionURIs" : [
    ]
  },
  {
    "platform" : "",
    "searchTime" : "2025-05-05T16:02:11.073Z[UTC]",
    "searchQuery" : "sn",
    "searchInteractionURIs" : [
    ]
  },
  {
    "platform" : "",
    "searchTime" : "2025-05-05T16:02:11.169Z[UTC]",
    "searchQuery" : "snet",
    "searchInteractionURIs" : [
    ]
  },
  {
    "platform" : "",
    "searchTime" : "2025-05-05T16:02:11.246Z[UTC]",
    "searchQuery" : "snet",
    "searchInteractionURIs" : [
    ]
  },
  {
    "platform" : "",
    "searchTime" : "2025-05-05T16:02:12.977Z[UTC]",
    "searchQuery" : "sen",
    "searchInteractionURIs" : [
    ]
  },
  {
    "platform" : "",
    "searchTime" : "2025-05-05T16:02:13.069Z[UTC]",
    "searchQuery" : "sen",
    "searchInteractionURIs" : [
    ]
  },
  {
    "platform" : "",
    "searchTime" : "2025-05-05T16:02:13.113Z[UTC]",
    "searchQuery" : "sent",
    "searchInteractionURIs" : [
    ]
  },
  {
    "platform" : "",
    "searchTime" : "2025-05-05T16:02:13.197Z[UTC]",
    "searchQuery" : "sent",
    "searchInteractionURIs" : [
    ]
  },
  {
    "platform" : "IPHONE",
    "searchTime" : "2025-05-05T16:02:15.459Z[UTC]",
    "searchQuery" : "sentime",
    "searchInteractionURIs" : [
      "spotify:show:6w97FzDaRfaE4jWz98npWQ"
    ]
  },
  {
    "platform" : "IPHONE",
    "searchTime" : "2025-05-06T14:44:26.028Z[UTC]",
    "searchQuery" : "oar",
    "searchInteractionURIs" : [
      "spotify:artist:1Cq0LAHFfvUTBEtMPXUidI"
    ]
  },
  {
    "platform" : "",
    "searchTime" : "2025-05-12T20:35:21.388Z[UTC]",
    "searchQuery" : "ba",
    "searchInteractionURIs" : [
    ]
  },
  {
    "platform" : "",
    "searchTime" : "2025-05-12T20:35:21.460Z[UTC]",
    "searchQuery" : "ba",
    "searchInteractionURIs" : [
    ]
  },
  {
    "platform" : "IPHONE",
    "searchTime" : "2025-05-12T20:35:23.224Z[UTC]",
    "searchQuery" : "bad beha",
    "searchInteractionURIs" : [
      "spotify:track:4QzdqbTsmFTZLCFSuDoSxs"
    ]
  },
  {
    "platform" : "IPHONE",
    "searchTime" : "2025-05-13T13:41:14.113Z[UTC]",
    "searchQuery" : "hozie",
    "searchInteractionURIs" : [
      "spotify:artist:2FXC3k01G6Gw61bmprjgqS"
    ]
  },
  {
    "platform" : "",
    "searchTime" : "2025-05-17T13:43:19.825Z[UTC]",
    "searchQuery" : "go",
    "searchInteractionURIs" : [
    ]
  },
  {
    "platform" : "",
    "searchTime" : "2025-05-17T13:43:19.909Z[UTC]",
    "searchQuery" : "go",
    "searchInteractionURIs" : [
    ]
  },
  {
    "platform" : "",
    "searchTime" : "2025-05-17T13:43:20.348Z[UTC]",
    "searchQuery" : "good v",
    "searchInteractionURIs" : [
    ]
  },
  {
    "platform" : "",
    "searchTime" : "2025-05-17T13:43:20.426Z[UTC]",
    "searchQuery" : "good v",
    "searchInteractionURIs" : [
    ]
  },
  {
    "platform" : "IPHONE",
    "searchTime" : "2025-05-17T13:43:21.350Z[UTC]",
    "searchQuery" : "good vibes",
    "searchInteractionURIs" : [
      "spotify:playlist:37i9dQZF1DWYBO1MoTDhZI"
    ]
  },
  {
    "platform" : "IPHONE",
    "searchTime" : "2025-05-19T23:51:18.248Z[UTC]",
    "searchQuery" : "chicken",
    "searchInteractionURIs" : [
      "spotify:track:0LQtEJt7x0s6knb6RKdRYc"
    ]
  },
  {
    "platform" : "",
    "searchTime" : "2025-05-20T01:39:31.015Z[UTC]",
    "searchQuery" : "pic",
    "searchInteractionURIs" : [
    ]
  },
  {
    "platform" : "",
    "searchTime" : "2025-05-20T01:39:31.082Z[UTC]",
    "searchQuery" : "pic",
    "searchInteractionURIs" : [
    ]
  },
  {
    "platform" : "",
    "searchTime" : "2025-05-20T01:39:32.636Z[UTC]",
    "searchQuery" : "pick up the",
    "searchInteractionURIs" : [
    ]
  },
  {
    "platform" : "",
    "searchTime" : "2025-05-20T01:39:32.703Z[UTC]",
    "searchQuery" : "pick up the",
    "searchInteractionURIs" : [
    ]
  },
  {
    "platform" : "",
    "searchTime" : "2025-05-20T01:39:33.172Z[UTC]",
    "searchQuery" : "pick up the pi",
    "searchInteractionURIs" : [
    ]
  },
  {
    "platform" : "",
    "searchTime" : "2025-05-20T01:39:33.230Z[UTC]",
    "searchQuery" : "pick up the pi",
    "searchInteractionURIs" : [
    ]
  },
  {
    "platform" : "",
    "searchTime" : "2025-05-20T01:39:33.770Z[UTC]",
    "searchQuery" : "pick up the piexe",
    "searchInteractionURIs" : [
    ]
  },
  {
    "platform" : "",
    "searchTime" : "2025-05-20T01:39:33.880Z[UTC]",
    "searchQuery" : "pick up the piece",
    "searchInteractionURIs" : [
    ]
  },
  {
    "platform" : "",
    "searchTime" : "2025-05-20T01:39:33.896Z[UTC]",
    "searchQuery" : "pick up the piexe",
    "searchInteractionURIs" : [
    ]
  },
  {
    "platform" : "",
    "searchTime" : "2025-05-20T01:39:34.455Z[UTC]",
    "searchQuery" : "pick up the piexe",
    "searchInteractionURIs" : [
    ]
  },
  {
    "platform" : "",
    "searchTime" : "2025-05-20T01:39:34.472Z[UTC]",
    "searchQuery" : "pick up the piex",
    "searchInteractionURIs" : [
    ]
  },
  {
    "platform" : "",
    "searchTime" : "2025-05-20T01:39:34.508Z[UTC]",
    "searchQuery" : "pick up the piexe",
    "searchInteractionURIs" : [
    ]
  },
  {
    "platform" : "",
    "searchTime" : "2025-05-20T01:39:34.522Z[UTC]",
    "searchQuery" : "pick up the piex",
    "searchInteractionURIs" : [
    ]
  },
  {
    "platform" : "",
    "searchTime" : "2025-05-20T01:39:34.542Z[UTC]",
    "searchQuery" : "pick up the piece",
    "searchInteractionURIs" : [
    ]
  },
  {
    "platform" : "",
    "searchTime" : "2025-05-20T01:39:34.581Z[UTC]",
    "searchQuery" : "pick up the piec",
    "searchInteractionURIs" : [
    ]
  },
  {
    "platform" : "IPHONE",
    "searchTime" : "2025-05-20T01:39:35.696Z[UTC]",
    "searchQuery" : "pick up the pieces",
    "searchInteractionURIs" : [
      "spotify:track:2x1LQq8lsUzAA2wNj8yjC9",
      "spotify:track:2x1LQq8lsUzAA2wNj8yjC9"
    ]
  },
  {
    "platform" : "",
    "searchTime" : "2025-05-21T20:55:33.815Z[UTC]",
    "searchQuery" : "l",
    "searchInteractionURIs" : [
    ]
  },
  {
    "platform" : "",
    "searchTime" : "2025-05-21T20:55:33.903Z[UTC]",
    "searchQuery" : "l",
    "searchInteractionURIs" : [
    ]
  },
  {
    "platform" : "",
    "searchTime" : "2025-05-21T20:55:33.908Z[UTC]",
    "searchQuery" : "ll",
    "searchInteractionURIs" : [
    ]
  },
  {
    "platform" : "",
    "searchTime" : "2025-05-21T20:55:33.983Z[UTC]",
    "searchQuery" : "ll",
    "searchInteractionURIs" : [
    ]
  },
  {
    "platform" : "",
    "searchTime" : "2025-05-21T20:55:34.275Z[UTC]",
    "searchQuery" : "l",
    "searchInteractionURIs" : [
    ]
  },
  {
    "platform" : "",
    "searchTime" : "2025-05-21T20:55:34.359Z[UTC]",
    "searchQuery" : "l",
    "searchInteractionURIs" : [
    ]
  },
  {
    "platform" : "IPHONE",
    "searchTime" : "2025-05-21T20:55:54.322Z[UTC]",
    "searchQuery" : "led ze",
    "searchInteractionURIs" : [
      "spotify:artist:36QJpDe2go2KgaRleHCDTp"
    ]
  },
  {
    "platform" : "",
    "searchTime" : "2025-05-21T20:56:20.178Z[UTC]",
    "searchQuery" : "doobi",
    "searchInteractionURIs" : [
    ]
  },
  {
    "platform" : "",
    "searchTime" : "2025-05-21T20:56:20.247Z[UTC]",
    "searchQuery" : "doobi",
    "searchInteractionURIs" : [
    ]
  },
  {
    "platform" : "IPHONE",
    "searchTime" : "2025-05-21T20:56:20.639Z[UTC]",
    "searchQuery" : "doobie",
    "searchInteractionURIs" : [
      "spotify:artist:39T6qqI0jDtSWWioX8eGJz"
    ]
  },
  {
    "platform" : "",
    "searchTime" : "2025-05-21T20:57:00.163Z[UTC]",
    "searchQuery" : "what a fo",
    "searchInteractionURIs" : [
    ]
  },
  {
    "platform" : "",
    "searchTime" : "2025-05-21T20:57:00.250Z[UTC]",
    "searchQuery" : "what a fo",
    "searchInteractionURIs" : [
    ]
  },
  {
    "platform" : "IPHONE",
    "searchTime" : "2025-05-21T20:57:01.614Z[UTC]",
    "searchQuery" : "what a fool",
    "searchInteractionURIs" : [
      "spotify:track:2yBVeksU2EtrPJbTu4ZslK"
    ]
  },
  {
    "platform" : "",
    "searchTime" : "2025-05-21T20:57:37.842Z[UTC]",
    "searchQuery" : "tex",
    "searchInteractionURIs" : [
    ]
  },
  {
    "platform" : "",
    "searchTime" : "2025-05-21T20:57:37.927Z[UTC]",
    "searchQuery" : "tex",
    "searchInteractionURIs" : [
    ]
  },
  {
    "platform" : "",
    "searchTime" : "2025-05-21T20:57:38.101Z[UTC]",
    "searchQuery" : "texas",
    "searchInteractionURIs" : [
    ]
  },
  {
    "platform" : "",
    "searchTime" : "2025-05-21T20:57:38.184Z[UTC]",
    "searchQuery" : "texas",
    "searchInteractionURIs" : [
    ]
  },
  {
    "platform" : "",
    "searchTime" : "2025-05-21T20:57:38.969Z[UTC]",
    "searchQuery" : "texas blo",
    "searchInteractionURIs" : [
    ]
  },
  {
    "platform" : "",
    "searchTime" : "2025-05-21T20:57:39.079Z[UTC]",
    "searchQuery" : "texas flo",
    "searchInteractionURIs" : [
    ]
  },
  {
    "platform" : "",
    "searchTime" : "2025-05-21T20:57:39.093Z[UTC]",
    "searchQuery" : "texas blo",
    "searchInteractionURIs" : [
    ]
  },
  {
    "platform" : "IPHONE",
    "searchTime" : "2025-05-21T20:57:39.796Z[UTC]",
    "searchQuery" : "texas blood",
    "searchInteractionURIs" : [
      "spotify:track:5MtN38MGEWJt60LwtBmFNP"
    ]
  },
  {
    "platform" : "IPHONE",
    "searchTime" : "2025-05-21T23:27:09.864Z[UTC]",
    "searchQuery" : "you got",
    "searchInteractionURIs" : [
    ]
  },
  {
    "platform" : "",
    "searchTime" : "2025-05-21T23:27:10.328Z[UTC]",
    "searchQuery" : "you",
    "searchInteractionURIs" : [
    ]
  },
  {
    "platform" : "",
    "searchTime" : "2025-05-21T23:27:10.407Z[UTC]",
    "searchQuery" : "you",
    "searchInteractionURIs" : [
    ]
  },
  {
    "platform" : "",
    "searchTime" : "2025-05-21T23:27:10.593Z[UTC]",
    "searchQuery" : "yo",
    "searchInteractionURIs" : [
    ]
  },
  {
    "platform" : "",
    "searchTime" : "2025-05-21T23:27:10.611Z[UTC]",
    "searchQuery" : "y",
    "searchInteractionURIs" : [
    ]
  },
  {
    "platform" : "",
    "searchTime" : "2025-05-21T23:27:10.670Z[UTC]",
    "searchQuery" : "yo",
    "searchInteractionURIs" : [
    ]
  },
  {
    "platform" : "",
    "searchTime" : "2025-05-21T23:27:10.697Z[UTC]",
    "searchQuery" : "y",
    "searchInteractionURIs" : [
    ]
  },
  {
    "platform" : "",
    "searchTime" : "2025-05-22T03:05:02.004Z[UTC]",
    "searchQuery" : "it",
    "searchInteractionURIs" : [
    ]
  },
  {
    "platform" : "",
    "searchTime" : "2025-05-22T03:05:02.067Z[UTC]",
    "searchQuery" : "it",
    "searchInteractionURIs" : [
    ]
  },
  {
    "platform" : "IPHONE",
    "searchTime" : "2025-05-22T03:05:04.229Z[UTC]",
    "searchQuery" : "its my life",
    "searchInteractionURIs" : [
      "spotify:track:4jhsuQCUCJKA5f0bXb6XdJ"
    ]
  },
  {
    "platform" : "",
    "searchTime" : "2025-05-23T01:57:52.224Z[UTC]",
    "searchQuery" : "o",
    "searchInteractionURIs" : [
    ]
  },
  {
    "platform" : "",
    "searchTime" : "2025-05-23T01:57:52.329Z[UTC]",
    "searchQuery" : "o",
    "searchInteractionURIs" : [
    ]
  },
  {
    "platform" : "",
    "searchTime" : "2025-05-23T01:57:52.653Z[UTC]",
    "searchQuery" : "one",
    "searchInteractionURIs" : [
    ]
  },
  {
    "platform" : "",
    "searchTime" : "2025-05-23T01:57:52.719Z[UTC]",
    "searchQuery" : "one",
    "searchInteractionURIs" : [
    ]
  },
  {
    "platform" : "IPHONE",
    "searchTime" : "2025-05-23T01:57:54.116Z[UTC]",
    "searchQuery" : "one dire",
    "searchInteractionURIs" : [
      "spotify:artist:4AK6F7OLvEQ5QYCBNiQWHq"
    ]
  },
  {
    "platform" : "",
    "searchTime" : "2025-05-24T14:15:56.513Z[UTC]",
    "searchQuery" : "d",
    "searchInteractionURIs" : [
    ]
  },
  {
    "platform" : "",
    "searchTime" : "2025-05-24T14:15:56.585Z[UTC]",
    "searchQuery" : "d",
    "searchInteractionURIs" : [
    ]
  },
  {
    "platform" : "IPHONE",
    "searchTime" : "2025-05-24T14:15:59.322Z[UTC]",
    "searchQuery" : "fall out ",
    "searchInteractionURIs" : [
      "spotify:search:fall+out+boy"
    ]
  },
  {
    "platform" : "IPHONE",
    "searchTime" : "2025-05-24T14:16:00.635Z[UTC]",
    "searchQuery" : "fall out boy",
    "searchInteractionURIs" : [
      "spotify:artist:4UXqAaa6dQYAk18Lv7PEgX"
    ]
  },
  {
    "platform" : "IPHONE",
    "searchTime" : "2025-05-25T14:32:55.314Z[UTC]",
    "searchQuery" : "rem",
    "searchInteractionURIs" : [
      "spotify:artist:4KWTAlx2RvbpseOGMEmROg"
    ]
  },
  {
    "platform" : "IPHONE",
    "searchTime" : "2025-05-25T14:33:39.138Z[UTC]",
    "searchQuery" : "dear hod",
    "searchInteractionURIs" : [
    ]
  },
  {
    "platform" : "",
    "searchTime" : "2025-05-26T14:51:36.208Z[UTC]",
    "searchQuery" : "s",
    "searchInteractionURIs" : [
    ]
  },
  {
    "platform" : "",
    "searchTime" : "2025-05-26T14:51:36.287Z[UTC]",
    "searchQuery" : "s",
    "searchInteractionURIs" : [
    ]
  },
  {
    "platform" : "IPHONE",
    "searchTime" : "2025-05-26T14:51:37.450Z[UTC]",
    "searchQuery" : "stevie",
    "searchInteractionURIs" : [
      "spotify:artist:7guDJrEfX3qb6FEbdPA5qi"
    ]
  },
  {
    "platform" : "",
    "searchTime" : "2025-05-27T17:47:36.298Z[UTC]",
    "searchQuery" : "berning in he",
    "searchInteractionURIs" : [
    ]
  },
  {
    "platform" : "",
    "searchTime" : "2025-05-27T17:47:36.346Z[UTC]",
    "searchQuery" : "berning in he",
    "searchInteractionURIs" : [
    ]
  },
  {
    "platform" : "",
    "searchTime" : "2025-05-27T17:47:36.399Z[UTC]",
    "searchQuery" : "burning in he",
    "searchInteractionURIs" : [
    ]
  },
  {
    "platform" : "IPHONE",
    "searchTime" : "2025-05-27T17:47:37.062Z[UTC]",
    "searchQuery" : "berning in hell",
    "searchInteractionURIs" : [
      "spotify:show:08WPFx16r7eci6VSprdXaN"
    ]
  },
  {
    "platform" : "",
    "searchTime" : "2025-05-29T17:46:57.313Z[UTC]",
    "searchQuery" : "terr",
    "searchInteractionURIs" : [
    ]
  },
  {
    "platform" : "",
    "searchTime" : "2025-05-29T17:46:57.399Z[UTC]",
    "searchQuery" : "terr",
    "searchInteractionURIs" : [
    ]
  },
  {
    "platform" : "IPHONE",
    "searchTime" : "2025-05-29T17:46:58.678Z[UTC]",
    "searchQuery" : "terrestrials",
    "searchInteractionURIs" : [
      "spotify:show:7Cwpx4gjeTPngGPCusfes3"
    ]
  },
  {
    "platform" : "IPHONE",
    "searchTime" : "2025-05-30T12:57:22.559Z[UTC]",
    "searchQuery" : "one dir",
    "searchInteractionURIs" : [
      "spotify:artist:4AK6F7OLvEQ5QYCBNiQWHq"
    ]
  },
  {
    "platform" : "",
    "searchTime" : "2025-06-04T13:11:39.738Z[UTC]",
    "searchQuery" : "ha",
    "searchInteractionURIs" : [
    ]
  },
  {
    "platform" : "",
    "searchTime" : "2025-06-04T13:11:39.796Z[UTC]",
    "searchQuery" : "ha",
    "searchInteractionURIs" : [
    ]
  },
  {
    "platform" : "IPHONE_ARM64",
    "searchTime" : "2025-06-04T13:11:40.013Z[UTC]",
    "searchQuery" : "hai",
    "searchInteractionURIs" : [
    ]
  },
  {
    "platform" : "IPHONE",
    "searchTime" : "2025-06-04T13:11:40.092Z[UTC]",
    "searchQuery" : "haim",
    "searchInteractionURIs" : [
      "spotify:artist:4Ui2kfOqGujY81UcPrb5KE"
    ]
  },
  {
    "platform" : "",
    "searchTime" : "2025-06-07T01:42:51.284Z[UTC]",
    "searchQuery" : "mao",
    "searchInteractionURIs" : [
    ]
  },
  {
    "platform" : "",
    "searchTime" : "2025-06-07T01:42:51.335Z[UTC]",
    "searchQuery" : "maoo",
    "searchInteractionURIs" : [
    ]
  },
  {
    "platform" : "",
    "searchTime" : "2025-06-07T01:42:51.349Z[UTC]",
    "searchQuery" : "mao",
    "searchInteractionURIs" : [
    ]
  },
  {
    "platform" : "",
    "searchTime" : "2025-06-07T01:42:51.399Z[UTC]",
    "searchQuery" : "maoo",
    "searchInteractionURIs" : [
    ]
  },
  {
    "platform" : "",
    "searchTime" : "2025-06-07T01:42:52.988Z[UTC]",
    "searchQuery" : "maoon 5 r",
    "searchInteractionURIs" : [
    ]
  },
  {
    "platform" : "",
    "searchTime" : "2025-06-07T01:42:53.041Z[UTC]",
    "searchQuery" : "maoon 5 r",
    "searchInteractionURIs" : [
    ]
  },
  {
    "platform" : "",
    "searchTime" : "2025-06-07T01:42:53.092Z[UTC]",
    "searchQuery" : "maroon 5 r",
    "searchInteractionURIs" : [
    ]
  },
  {
    "platform" : "IPHONE",
    "searchTime" : "2025-06-07T01:42:54.213Z[UTC]",
    "searchQuery" : "maoon 5 rihanna",
    "searchInteractionURIs" : [
    ]
  },
  {
    "platform" : "",
    "searchTime" : "2025-06-07T01:50:20.422Z[UTC]",
    "searchQuery" : "or",
    "searchInteractionURIs" : [
    ]
  },
  {
    "platform" : "",
    "searchTime" : "2025-06-07T01:50:20.481Z[UTC]",
    "searchQuery" : "or",
    "searchInteractionURIs" : [
    ]
  },
  {
    "platform" : "",
    "searchTime" : "2025-06-07T01:50:20.617Z[UTC]",
    "searchQuery" : "o",
    "searchInteractionURIs" : [
    ]
  },
  {
    "platform" : "",
    "searchTime" : "2025-06-07T01:50:20.692Z[UTC]",
    "searchQuery" : "o",
    "searchInteractionURIs" : [
    ]
  },
  {
    "platform" : "IPHONE",
    "searchTime" : "2025-06-07T01:50:22.335Z[UTC]",
    "searchQuery" : "iris",
    "searchInteractionURIs" : [
      "spotify:track:6Qyc6fS4DsZjB2mRW9DsQs"
    ]
  },
  {
    "platform" : "",
    "searchTime" : "2025-06-07T02:20:26.691Z[UTC]",
    "searchQuery" : "fra",
    "searchInteractionURIs" : [
    ]
  },
  {
    "platform" : "",
    "searchTime" : "2025-06-07T02:20:26.751Z[UTC]",
    "searchQuery" : "fra",
    "searchInteractionURIs" : [
    ]
  },
  {
    "platform" : "IPHONE",
    "searchTime" : "2025-06-07T02:20:27.148Z[UTC]",
    "searchQuery" : "fray",
    "searchInteractionURIs" : [
      "spotify:artist:0zOcE3mg9nS6l3yxt1Y0bK"
    ]
  },
  {
    "platform" : "",
    "searchTime" : "2025-06-07T02:25:02.093Z[UTC]",
    "searchQuery" : "th",
    "searchInteractionURIs" : [
    ]
  },
  {
    "platform" : "",
    "searchTime" : "2025-06-07T02:25:02.099Z[UTC]",
    "searchQuery" : "the b",
    "searchInteractionURIs" : [
    ]
  },
  {
    "platform" : "",
    "searchTime" : "2025-06-07T02:25:02.103Z[UTC]",
    "searchQuery" : "the",
    "searchInteractionURIs" : [
    ]
  },
  {
    "platform" : "",
    "searchTime" : "2025-06-07T02:25:02.159Z[UTC]",
    "searchQuery" : "the",
    "searchInteractionURIs" : [
    ]
  },
  {
    "platform" : "",
    "searchTime" : "2025-06-07T02:25:02.170Z[UTC]",
    "searchQuery" : "the b",
    "searchInteractionURIs" : [
    ]
  },
  {
    "platform" : "",
    "searchTime" : "2025-06-07T02:25:02.170Z[UTC]",
    "searchQuery" : "th",
    "searchInteractionURIs" : [
    ]
  },
  {
    "platform" : "",
    "searchTime" : "2025-06-07T02:25:02.784Z[UTC]",
    "searchQuery" : "the beaxb",
    "searchInteractionURIs" : [
    ]
  },
  {
    "platform" : "",
    "searchTime" : "2025-06-07T02:25:02.834Z[UTC]",
    "searchQuery" : "the beaxb",
    "searchInteractionURIs" : [
    ]
  },
  {
    "platform" : "",
    "searchTime" : "2025-06-07T02:25:02.907Z[UTC]",
    "searchQuery" : "the beach",
    "searchInteractionURIs" : [
    ]
  },
  {
    "platform" : "IPHONE",
    "searchTime" : "2025-06-07T02:25:05.150Z[UTC]",
    "searchQuery" : "the beaches",
    "searchInteractionURIs" : [
      "spotify:artist:6ws5XBA70XgeBpnLZhQBoy"
    ]
  },
  {
    "platform" : "IPHONE",
    "searchTime" : "2025-06-07T02:52:13.759Z[UTC]",
    "searchQuery" : "maroon 5 rihanna",
    "searchInteractionURIs" : [
      "spotify:track:2CtaTmkRB7csW9XAZbWHDq",
      "spotify:track:2CtaTmkRB7csW9XAZbWHDq",
      "spotify:track:2CtaTmkRB7csW9XAZbWHDq",
      "spotify:artist:04gDigrS5kc9YWfZHwBETP"
    ]
  },
  {
    "platform" : "",
    "searchTime" : "2025-06-10T00:53:12.520Z[UTC]",
    "searchQuery" : "sl",
    "searchInteractionURIs" : [
    ]
  },
  {
    "platform" : "",
    "searchTime" : "2025-06-10T00:53:12.583Z[UTC]",
    "searchQuery" : "sl",
    "searchInteractionURIs" : [
    ]
  },
  {
    "platform" : "IPHONE",
    "searchTime" : "2025-06-10T00:53:13.027Z[UTC]",
    "searchQuery" : "sly",
    "searchInteractionURIs" : [
      "spotify:artist:5m8H6zSadhu1j9Yi04VLqD"
    ]
  },
  {
    "platform" : "IPHONE",
    "searchTime" : "2025-06-10T00:54:05.735Z[UTC]",
    "searchQuery" : "papa was",
    "searchInteractionURIs" : [
      "spotify:track:5Lno0hPhvo7BzXVLQzDIS3"
    ]
  },
  {
    "platform" : "IPHONE",
    "searchTime" : "2025-06-12T13:01:12.298Z[UTC]",
    "searchQuery" : "one dir",
    "searchInteractionURIs" : [
      "spotify:playlist:37i9dQZF1DX6p4TJxzMRDe"
    ]
  },
  {
    "platform" : "",
    "searchTime" : "2025-06-13T22:45:43.264Z[UTC]",
    "searchQuery" : "kids",
    "searchInteractionURIs" : [
    ]
  },
  {
    "platform" : "",
    "searchTime" : "2025-06-13T22:45:43.333Z[UTC]",
    "searchQuery" : "kids",
    "searchInteractionURIs" : [
    ]
  },
  {
    "platform" : "",
    "searchTime" : "2025-06-13T22:45:45.429Z[UTC]",
    "searchQuery" : "kids part",
    "searchInteractionURIs" : [
    ]
  },
  {
    "platform" : "",
    "searchTime" : "2025-06-13T22:45:45.431Z[UTC]",
    "searchQuery" : "kids par",
    "searchInteractionURIs" : [
    ]
  },
  {
    "platform" : "",
    "searchTime" : "2025-06-13T22:45:45.489Z[UTC]",
    "searchQuery" : "kids part",
    "searchInteractionURIs" : [
    ]
  },
  {
    "platform" : "",
    "searchTime" : "2025-06-13T22:45:45.496Z[UTC]",
    "searchQuery" : "kids par",
    "searchInteractionURIs" : [
    ]
  },
  {
    "platform" : "IPHONE",
    "searchTime" : "2025-06-13T22:45:46Z[UTC]",
    "searchQuery" : "kids party",
    "searchInteractionURIs" : [
      "spotify:playlist:1P27ra5VqAizmkcUzVAvp2"
    ]
  },
  {
    "platform" : "IPHONE",
    "searchTime" : "2025-06-13T23:45:56.663Z[UTC]",
    "searchQuery" : "cant s",
    "searchInteractionURIs" : [
      "spotify:track:1WkMMavIMc4JZ8cfMmxHkI"
    ]
  },
  {
    "platform" : "",
    "searchTime" : "2025-06-14T19:46:31.807Z[UTC]",
    "searchQuery" : "f",
    "searchInteractionURIs" : [
    ]
  },
  {
    "platform" : "",
    "searchTime" : "2025-06-14T19:46:31.883Z[UTC]",
    "searchQuery" : "f",
    "searchInteractionURIs" : [
    ]
  },
  {
    "platform" : "",
    "searchTime" : "2025-06-14T19:46:32.248Z[UTC]",
    "searchQuery" : "fuc",
    "searchInteractionURIs" : [
    ]
  },
  {
    "platform" : "",
    "searchTime" : "2025-06-14T19:46:32.314Z[UTC]",
    "searchQuery" : "fuc",
    "searchInteractionURIs" : [
    ]
  },
  {
    "platform" : "",
    "searchTime" : "2025-06-14T19:46:32.781Z[UTC]",
    "searchQuery" : "fuckth",
    "searchInteractionURIs" : [
    ]
  },
  {
    "platform" : "",
    "searchTime" : "2025-06-14T19:46:32.859Z[UTC]",
    "searchQuery" : "fuckth",
    "searchInteractionURIs" : [
    ]
  },
  {
    "platform" : "IPHONE",
    "searchTime" : "2025-06-14T19:46:37.187Z[UTC]",
    "searchQuery" : "fuck the",
    "searchInteractionURIs" : [
      "spotify:track:5n8Aro6j1bEGIy7Tpo7FV7"
    ]
  },
  {
    "platform" : "",
    "searchTime" : "2025-06-16T14:06:02.159Z[UTC]",
    "searchQuery" : "t",
    "searchInteractionURIs" : [
    ]
  },
  {
    "platform" : "",
    "searchTime" : "2025-06-16T14:06:02.237Z[UTC]",
    "searchQuery" : "t",
    "searchInteractionURIs" : [
    ]
  },
  {
    "platform" : "",
    "searchTime" : "2025-06-16T14:06:02.410Z[UTC]",
    "searchQuery" : "the",
    "searchInteractionURIs" : [
    ]
  },
  {
    "platform" : "",
    "searchTime" : "2025-06-16T14:06:02.501Z[UTC]",
    "searchQuery" : "the",
    "searchInteractionURIs" : [
    ]
  },
  {
    "platform" : "IPHONE",
    "searchTime" : "2025-06-16T14:06:06.033Z[UTC]",
    "searchQuery" : "the distrac",
    "searchInteractionURIs" : [
      "spotify:show:5P5Wlz6VhajktvWDq7SbtV"
    ]
  },
  {
    "platform" : "",
    "searchTime" : "2025-06-19T14:00:38.195Z[UTC]",
    "searchQuery" : "w",
    "searchInteractionURIs" : [
    ]
  },
  {
    "platform" : "",
    "searchTime" : "2025-06-19T14:00:38.278Z[UTC]",
    "searchQuery" : "w",
    "searchInteractionURIs" : [
    ]
  },
  {
    "platform" : "",
    "searchTime" : "2025-06-19T14:00:38.379Z[UTC]",
    "searchQuery" : "wo",
    "searchInteractionURIs" : [
    ]
  },
  {
    "platform" : "",
    "searchTime" : "2025-06-19T14:00:38.453Z[UTC]",
    "searchQuery" : "wo",
    "searchInteractionURIs" : [
    ]
  },
  {
    "platform" : "",
    "searchTime" : "2025-06-19T14:00:39.368Z[UTC]",
    "searchQuery" : "wouldnt",
    "searchInteractionURIs" : [
    ]
  },
  {
    "platform" : "",
    "searchTime" : "2025-06-19T14:00:39.443Z[UTC]",
    "searchQuery" : "wouldnt",
    "searchInteractionURIs" : [
    ]
  },
  {
    "platform" : "",
    "searchTime" : "2025-06-19T14:00:39.455Z[UTC]",
    "searchQuery" : "wouldnt ",
    "searchInteractionURIs" : [
    ]
  },
  {
    "platform" : "",
    "searchTime" : "2025-06-19T14:00:39.485Z[UTC]",
    "searchQuery" : "wouldn'",
    "searchInteractionURIs" : [
    ]
  },
  {
    "platform" : "",
    "searchTime" : "2025-06-19T14:00:39.522Z[UTC]",
    "searchQuery" : "wouldnt ",
    "searchInteractionURIs" : [
    ]
  },
  {
    "platform" : "",
    "searchTime" : "2025-06-19T14:00:39.553Z[UTC]",
    "searchQuery" : "wouldn't ",
    "searchInteractionURIs" : [
    ]
  },
  {
    "platform" : "IPHONE",
    "searchTime" : "2025-06-19T14:00:40.477Z[UTC]",
    "searchQuery" : "would",
    "searchInteractionURIs" : [
      "spotify:track:2Gy7qnDwt8Z3MNxqat4CsK"
    ]
  },
  {
    "platform" : "IPHONE",
    "searchTime" : "2025-06-19T14:00:42.634Z[UTC]",
    "searchQuery" : "wouldnt it",
    "searchInteractionURIs" : [
      "spotify:track:2Gy7qnDwt8Z3MNxqat4CsK"
    ]
  },
  {
    "platform" : "IPHONE",
    "searchTime" : "2025-06-19T15:56:30.617Z[UTC]",
    "searchQuery" : "wouldnt it",
    "searchInteractionURIs" : [
    ]
  },
  {
    "platform" : "IPHONE",
    "searchTime" : "2025-06-20T13:15:38.406Z[UTC]",
    "searchQuery" : "haim",
    "searchInteractionURIs" : [
      "spotify:artist:4Ui2kfOqGujY81UcPrb5KE"
    ]
  },
  {
    "platform" : "",
    "searchTime" : "2025-06-20T17:18:26.294Z[UTC]",
    "searchQuery" : "why",
    "searchInteractionURIs" : [
    ]
  },
  {
    "platform" : "",
    "searchTime" : "2025-06-20T17:18:26.368Z[UTC]",
    "searchQuery" : "why",
    "searchInteractionURIs" : [
    ]
  },
  {
    "platform" : "",
    "searchTime" : "2025-06-20T17:18:27.151Z[UTC]",
    "searchQuery" : "why dont y",
    "searchInteractionURIs" : [
    ]
  },
  {
    "platform" : "",
    "searchTime" : "2025-06-20T17:18:27.225Z[UTC]",
    "searchQuery" : "why dont y",
    "searchInteractionURIs" : [
    ]
  },
  {
    "platform" : "",
    "searchTime" : "2025-06-20T17:18:27.266Z[UTC]",
    "searchQuery" : "why don't y",
    "searchInteractionURIs" : [
    ]
  },
  {
    "platform" : "IPHONE",
    "searchTime" : "2025-06-20T17:18:27.845Z[UTC]",
    "searchQuery" : "why dont you",
    "searchInteractionURIs" : [
      "spotify:track:4qwT6ISA0clmfsFSTjd9Hb",
      "spotify:track:4qwT6ISA0clmfsFSTjd9Hb"
    ]
  },
  {
    "platform" : "",
    "searchTime" : "2025-06-20T17:18:47.164Z[UTC]",
    "searchQuery" : "p",
    "searchInteractionURIs" : [
    ]
  },
  {
    "platform" : "",
    "searchTime" : "2025-06-20T17:18:47.246Z[UTC]",
    "searchQuery" : "p",
    "searchInteractionURIs" : [
    ]
  },
  {
    "platform" : "",
    "searchTime" : "2025-06-20T17:18:49.045Z[UTC]",
    "searchQuery" : "propagand",
    "searchInteractionURIs" : [
    ]
  },
  {
    "platform" : "",
    "searchTime" : "2025-06-20T17:18:49.117Z[UTC]",
    "searchQuery" : "propagand",
    "searchInteractionURIs" : [
    ]
  },
  {
    "platform" : "IPHONE_ARM64",
    "searchTime" : "2025-06-20T17:18:49.381Z[UTC]",
    "searchQuery" : "propagan",
    "searchInteractionURIs" : [
    ]
  },
  {
    "platform" : "IPHONE",
    "searchTime" : "2025-06-20T17:19:02.151Z[UTC]",
    "searchQuery" : "propaganda beyonce",
    "searchInteractionURIs" : [
    ]
  },
  {
    "platform" : "",
    "searchTime" : "2025-06-20T17:19:47.194Z[UTC]",
    "searchQuery" : "my hou",
    "searchInteractionURIs" : [
    ]
  },
  {
    "platform" : "",
    "searchTime" : "2025-06-20T17:19:47.228Z[UTC]",
    "searchQuery" : "my hous",
    "searchInteractionURIs" : [
    ]
  },
  {
    "platform" : "",
    "searchTime" : "2025-06-20T17:19:47.254Z[UTC]",
    "searchQuery" : "my hou",
    "searchInteractionURIs" : [
    ]
  },
  {
    "platform" : "",
    "searchTime" : "2025-06-20T17:19:47.289Z[UTC]",
    "searchQuery" : "my hous",
    "searchInteractionURIs" : [
    ]
  },
  {
    "platform" : "IPHONE",
    "searchTime" : "2025-06-20T17:19:48.077Z[UTC]",
    "searchQuery" : "my house",
    "searchInteractionURIs" : [
      "spotify:track:7omJfT9s6V2IpQNBYyq5C8"
    ]
  },
  {
    "platform" : "",
    "searchTime" : "2025-06-20T17:19:57.723Z[UTC]",
    "searchQuery" : "di",
    "searchInteractionURIs" : [
    ]
  },
  {
    "platform" : "",
    "searchTime" : "2025-06-20T17:19:57.784Z[UTC]",
    "searchQuery" : "di",
    "searchInteractionURIs" : [
    ]
  },
  {
    "platform" : "IPHONE",
    "searchTime" : "2025-06-20T17:19:58.364Z[UTC]",
    "searchQuery" : "diva",
    "searchInteractionURIs" : [
      "spotify:track:5Ssv6DaKrW0HczVqx6zXdl"
    ]
  },
  {
    "platform" : "IPHONE",
    "searchTime" : "2025-06-20T17:20:32.050Z[UTC]",
    "searchQuery" : "flam",
    "searchInteractionURIs" : [
    ]
  },
  {
    "platform" : "IPHONE",
    "searchTime" : "2025-06-20T17:21:07.602Z[UTC]",
    "searchQuery" : "thique",
    "searchInteractionURIs" : [
      "spotify:track:1LCm0lFnEsxR2oPqyHLGX9"
    ]
  },
  {
    "platform" : "IPHONE",
    "searchTime" : "2025-06-20T17:21:29.352Z[UTC]",
    "searchQuery" : "crazy in",
    "searchInteractionURIs" : [
      "spotify:track:5IVuqXILoxVWvWEPm82Jxr"
    ]
  },
  {
    "platform" : "IPHONE",
    "searchTime" : "2025-06-20T17:21:39.955Z[UTC]",
    "searchQuery" : "single",
    "searchInteractionURIs" : [
      "spotify:track:5R9a4t5t5O0IsznsrKPVro"
    ]
  },
  {
    "platform" : "IPHONE",
    "searchTime" : "2025-06-20T17:22:13.763Z[UTC]",
    "searchQuery" : "irre",
    "searchInteractionURIs" : [
      "spotify:track:6RX5iL93VZ5fKmyvNXvF1r"
    ]
  },
  {
    "platform" : "IPHONE_ARM64",
    "searchTime" : "2025-06-20T17:22:22.110Z[UTC]",
    "searchQuery" : "if",
    "searchInteractionURIs" : [
    ]
  },
  {
    "platform" : "IPHONE",
    "searchTime" : "2025-06-20T17:22:23.271Z[UTC]",
    "searchQuery" : "if i we",
    "searchInteractionURIs" : [
      "spotify:track:26NX1wPt1TRCH536yocd6i"
    ]
  },
  {
    "platform" : "",
    "searchTime" : "2025-06-20T17:22:55.076Z[UTC]",
    "searchQuery" : "b",
    "searchInteractionURIs" : [
    ]
  },
  {
    "platform" : "",
    "searchTime" : "2025-06-20T17:22:55.154Z[UTC]",
    "searchQuery" : "b",
    "searchInteractionURIs" : [
    ]
  },
  {
    "platform" : "IPHONE_ARM64",
    "searchTime" : "2025-06-20T17:22:56.065Z[UTC]",
    "searchQuery" : "befor",
    "searchInteractionURIs" : [
    ]
  },
  {
    "platform" : "",
    "searchTime" : "2025-06-20T17:22:56.630Z[UTC]",
    "searchQuery" : "before i l",
    "searchInteractionURIs" : [
    ]
  },
  {
    "platform" : "",
    "searchTime" : "2025-06-20T17:22:56.699Z[UTC]",
    "searchQuery" : "before i l",
    "searchInteractionURIs" : [
    ]
  },
  {
    "platform" : "IPHONE_ARM64",
    "searchTime" : "2025-06-20T17:22:56.980Z[UTC]",
    "searchQuery" : "before i le",
    "searchInteractionURIs" : [
    ]
  },
  {
    "platform" : "IPHONE",
    "searchTime" : "2025-06-20T17:22:57.300Z[UTC]",
    "searchQuery" : "before i let",
    "searchInteractionURIs" : [
      "spotify:track:7LikBkHerFGZ58QHVOKp1t"
    ]
  },
  {
    "platform" : "IPHONE_ARM64",
    "searchTime" : "2025-06-20T17:23:22.600Z[UTC]",
    "searchQuery" : "im th",
    "searchInteractionURIs" : [
    ]
  },
  {
    "platform" : "IPHONE",
    "searchTime" : "2025-06-20T17:23:23.007Z[UTC]",
    "searchQuery" : "im that",
    "searchInteractionURIs" : [
      "spotify:track:1MpCaOeUWhox2Fgigbe1cL"
    ]
  },
  {
    "platform" : "IPHONE",
    "searchTime" : "2025-06-20T17:23:42.172Z[UTC]",
    "searchQuery" : "cozy",
    "searchInteractionURIs" : [
      "spotify:track:0mKGwFMHzTprtS2vpR3b6s"
    ]
  },
  {
    "platform" : "IPHONE",
    "searchTime" : "2025-06-20T17:23:51.367Z[UTC]",
    "searchQuery" : "alien",
    "searchInteractionURIs" : [
      "spotify:track:1Hohk6AufHZOrrhMXZppax"
    ]
  },
  {
    "platform" : "IPHONE",
    "searchTime" : "2025-06-20T17:24:51.954Z[UTC]",
    "searchQuery" : "energy",
    "searchInteractionURIs" : [
      "spotify:track:0314PeD1sQNonfVWix3B2K"
    ]
  },
  {
    "platform" : "",
    "searchTime" : "2025-06-20T17:25:00.888Z[UTC]",
    "searchQuery" : "all up ",
    "searchInteractionURIs" : [
    ]
  },
  {
    "platform" : "",
    "searchTime" : "2025-06-20T17:25:00.984Z[UTC]",
    "searchQuery" : "all up ",
    "searchInteractionURIs" : [
    ]
  },
  {
    "platform" : "IPHONE",
    "searchTime" : "2025-06-20T17:25:01.713Z[UTC]",
    "searchQuery" : "all up in",
    "searchInteractionURIs" : [
      "spotify:track:3k4CoiIQXiNBrwrmbBMDxj"
    ]
  },
  {
    "platform" : "",
    "searchTime" : "2025-06-21T13:38:19.399Z[UTC]",
    "searchQuery" : "no god",
    "searchInteractionURIs" : [
    ]
  },
  {
    "platform" : "",
    "searchTime" : "2025-06-21T13:38:19.476Z[UTC]",
    "searchQuery" : "no god",
    "searchInteractionURIs" : [
    ]
  },
  {
    "platform" : "",
    "searchTime" : "2025-06-21T13:38:19.592Z[UTC]",
    "searchQuery" : "no god ",
    "searchInteractionURIs" : [
    ]
  },
  {
    "platform" : "IPHONE_ARM64",
    "searchTime" : "2025-06-21T13:38:19.662Z[UTC]",
    "searchQuery" : "no go",
    "searchInteractionURIs" : [
    ]
  },
  {
    "platform" : "",
    "searchTime" : "2025-06-21T13:38:19.687Z[UTC]",
    "searchQuery" : "no god ",
    "searchInteractionURIs" : [
    ]
  },
  {
    "platform" : "",
    "searchTime" : "2025-06-21T13:38:20.451Z[UTC]",
    "searchQuery" : "no gods",
    "searchInteractionURIs" : [
    ]
  },
  {
    "platform" : "",
    "searchTime" : "2025-06-21T13:38:20.453Z[UTC]",
    "searchQuery" : "no god ",
    "searchInteractionURIs" : [
    ]
  },
  {
    "platform" : "",
    "searchTime" : "2025-06-21T13:38:20.517Z[UTC]",
    "searchQuery" : "no god ",
    "searchInteractionURIs" : [
    ]
  },
  {
    "platform" : "",
    "searchTime" : "2025-06-21T13:38:20.544Z[UTC]",
    "searchQuery" : "no gods",
    "searchInteractionURIs" : [
    ]
  },
  {
    "platform" : "",
    "searchTime" : "2025-06-21T13:38:20.615Z[UTC]",
    "searchQuery" : "no gods ",
    "searchInteractionURIs" : [
    ]
  },
  {
    "platform" : "",
    "searchTime" : "2025-06-21T13:38:20.669Z[UTC]",
    "searchQuery" : "no gods ",
    "searchInteractionURIs" : [
    ]
  },
  {
    "platform" : "IPHONE_ARM64",
    "searchTime" : "2025-06-21T13:38:20.818Z[UTC]",
    "searchQuery" : "no god",
    "searchInteractionURIs" : [
    ]
  },
  {
    "platform" : "IPHONE",
    "searchTime" : "2025-06-21T13:38:22.868Z[UTC]",
    "searchQuery" : "no gods no mayors",
    "searchInteractionURIs" : [
      "spotify:show:4Ax906IlsRA4fD4rgylKg0"
    ]
  },
  {
    "platform" : "",
    "searchTime" : "2025-06-25T12:50:46.988Z[UTC]",
    "searchQuery" : "ha",
    "searchInteractionURIs" : [
    ]
  },
  {
    "platform" : "",
    "searchTime" : "2025-06-25T12:50:47.068Z[UTC]",
    "searchQuery" : "ha",
    "searchInteractionURIs" : [
    ]
  },
  {
    "platform" : "IPHONE",
    "searchTime" : "2025-06-25T12:50:47.635Z[UTC]",
    "searchQuery" : "haim",
    "searchInteractionURIs" : [
      "spotify:artist:4Ui2kfOqGujY81UcPrb5KE"
    ]
  },
  {
    "platform" : "IPHONE",
    "searchTime" : "2025-06-26T12:44:48.549Z[UTC]",
    "searchQuery" : "kevin jonas",
    "searchInteractionURIs" : [
      "spotify:artist:7gbmX8SsfjEjxDMzBi1ZOL",
      "spotify:artist:7gOdHgIoIKoe4i9Tta6qdD",
      "spotify:artist:11bdWrCwHE2gCdVARdASuu"
    ]
  },
  {
    "platform" : "",
    "searchTime" : "2025-06-26T14:24:27.002Z[UTC]",
    "searchQuery" : "kevin jonas",
    "searchInteractionURIs" : [
    ]
  },
  {
    "platform" : "",
    "searchTime" : "2025-06-26T14:24:27.054Z[UTC]",
    "searchQuery" : "kevin jonas",
    "searchInteractionURIs" : [
    ]
  },
  {
    "platform" : "IPHONE_ARM64",
    "searchTime" : "2025-06-26T14:41:06.979Z[UTC]",
    "searchQuery" : "kevin jonas",
    "searchInteractionURIs" : [
    ]
  },
  {
    "platform" : "IPHONE",
    "searchTime" : "2025-06-30T00:48:37.452Z[UTC]",
    "searchQuery" : "bech",
    "searchInteractionURIs" : [
      "spotify:show:6BVpJ3TTdjnKbHTR4yBjBM"
    ]
  },
  {
    "platform" : "IPHONE_ARM64",
    "searchTime" : "2025-06-30T15:48:46.241Z[UTC]",
    "searchQuery" : "bo",
    "searchInteractionURIs" : [
    ]
  },
  {
    "platform" : "IPHONE",
    "searchTime" : "2025-06-30T15:48:47.046Z[UTC]",
    "searchQuery" : "boosie",
    "searchInteractionURIs" : [
      "spotify:artist:6z7xFFHxYkE9t8bwIF0Bvg"
    ]
  },
  {
    "platform" : "",
    "searchTime" : "2025-06-30T16:03:39.114Z[UTC]",
    "searchQuery" : "nu",
    "searchInteractionURIs" : [
    ]
  },
  {
    "platform" : "",
    "searchTime" : "2025-06-30T16:03:39.210Z[UTC]",
    "searchQuery" : "nu",
    "searchInteractionURIs" : [
    ]
  },
  {
    "platform" : "IPHONE",
    "searchTime" : "2025-06-30T16:03:40.709Z[UTC]",
    "searchQuery" : "nust like ",
    "searchInteractionURIs" : [
      "spotify:track:76GlO5H5RT6g7y0gev86Nk"
    ]
  },
  {
    "platform" : "",
    "searchTime" : "2025-07-01T23:41:42.119Z[UTC]",
    "searchQuery" : "oliv",
    "searchInteractionURIs" : [
    ]
  },
  {
    "platform" : "",
    "searchTime" : "2025-07-01T23:41:42.198Z[UTC]",
    "searchQuery" : "oliv",
    "searchInteractionURIs" : [
    ]
  },
  {
    "platform" : "IPHONE_ARM64",
    "searchTime" : "2025-07-01T23:41:42.434Z[UTC]",
    "searchQuery" : "oli",
    "searchInteractionURIs" : [
    ]
  },
  {
    "platform" : "IPHONE",
    "searchTime" : "2025-07-01T23:41:43.618Z[UTC]",
    "searchQuery" : "oliva rod",
    "searchInteractionURIs" : [
      "spotify:artist:1McMsnEElThX1knmY4oliG"
    ]
  },
  {
    "platform" : "",
    "searchTime" : "2025-07-02T13:22:40.737Z[UTC]",
    "searchQuery" : "re",
    "searchInteractionURIs" : [
    ]
  },
  {
    "platform" : "",
    "searchTime" : "2025-07-02T13:22:40.816Z[UTC]",
    "searchQuery" : "re",
    "searchInteractionURIs" : [
    ]
  },
  {
    "platform" : "IPHONE",
    "searchTime" : "2025-07-02T13:22:41.209Z[UTC]",
    "searchQuery" : "rem",
    "searchInteractionURIs" : [
      "spotify:artist:4KWTAlx2RvbpseOGMEmROg"
    ]
  },
  {
    "platform" : "IPHONE",
    "searchTime" : "2025-07-04T23:24:41.308Z[UTC]",
    "searchQuery" : "every",
    "searchInteractionURIs" : [
      "spotify:track:4RvWPyQ5RL0ao9LPZeSouE"
    ]
  },
  {
    "platform" : "",
    "searchTime" : "2025-07-05T00:32:36.958Z[UTC]",
    "searchQuery" : "save it do",
    "searchInteractionURIs" : [
    ]
  },
  {
    "platform" : "",
    "searchTime" : "2025-07-05T00:32:37.040Z[UTC]",
    "searchQuery" : "save it do",
    "searchInteractionURIs" : [
    ]
  },
  {
    "platform" : "",
    "searchTime" : "2025-07-05T00:32:37.119Z[UTC]",
    "searchQuery" : "save it fo",
    "searchInteractionURIs" : [
    ]
  },
  {
    "platform" : "IPHONE",
    "searchTime" : "2025-07-05T00:32:37.592Z[UTC]",
    "searchQuery" : "save it doe ",
    "searchInteractionURIs" : [
      "spotify:track:2rs6UMzlu1pMGGVw60tiHm"
    ]
  },
  {
    "platform" : "",
    "searchTime" : "2025-07-12T17:32:48.503Z[UTC]",
    "searchQuery" : "c",
    "searchInteractionURIs" : [
    ]
  },
  {
    "platform" : "",
    "searchTime" : "2025-07-12T17:32:48.511Z[UTC]",
    "searchQuery" : "car",
    "searchInteractionURIs" : [
    ]
  },
  {
    "platform" : "",
    "searchTime" : "2025-07-12T17:32:48.513Z[UTC]",
    "searchQuery" : "carl",
    "searchInteractionURIs" : [
    ]
  },
  {
    "platform" : "",
    "searchTime" : "2025-07-12T17:32:48.576Z[UTC]",
    "searchQuery" : "car",
    "searchInteractionURIs" : [
    ]
  },
  {
    "platform" : "",
    "searchTime" : "2025-07-12T17:32:48.579Z[UTC]",
    "searchQuery" : "carl",
    "searchInteractionURIs" : [
    ]
  },
  {
    "platform" : "",
    "searchTime" : "2025-07-12T17:32:48.596Z[UTC]",
    "searchQuery" : "c",
    "searchInteractionURIs" : [
    ]
  },
  {
    "platform" : "IPHONE",
    "searchTime" : "2025-07-12T17:32:49.077Z[UTC]",
    "searchQuery" : "carly",
    "searchInteractionURIs" : [
      "spotify:artist:6sFIWsNpZYqfjUpaCgueju"
    ]
  },
  {
    "platform" : "IPHONE",
    "searchTime" : "2025-07-12T21:00:25.350Z[UTC]",
    "searchQuery" : "bad",
    "searchInteractionURIs" : [
      "spotify:artist:4q3ewBCX7sLwd24euuV69X"
    ]
  },
  {
    "platform" : "IPHONE_ARM64",
    "searchTime" : "2025-07-14T22:00:01.770Z[UTC]",
    "searchQuery" : "sk",
    "searchInteractionURIs" : [
    ]
  },
  {
    "platform" : "IPHONE",
    "searchTime" : "2025-07-14T22:00:02.461Z[UTC]",
    "searchQuery" : "sz",
    "searchInteractionURIs" : [
      "spotify:playlist:37i9dQZF1E4u2kB4r0C698",
      "spotify:playlist:37i9dQZF1DWZ8Cy8eCcjXW"
    ]
  },
  {
    "platform" : "",
    "searchTime" : "2025-07-14T22:02:41.381Z[UTC]",
    "searchQuery" : "sz",
    "searchInteractionURIs" : [
    ]
  },
  {
    "platform" : "",
    "searchTime" : "2025-07-14T22:02:41.463Z[UTC]",
    "searchQuery" : "sz",
    "searchInteractionURIs" : [
    ]
  },
  {
    "platform" : "",
    "searchTime" : "2025-07-14T22:10:09.295Z[UTC]",
    "searchQuery" : "sz",
    "searchInteractionURIs" : [
    ]
  },
  {
    "platform" : "",
    "searchTime" : "2025-07-14T22:10:09.360Z[UTC]",
    "searchQuery" : "sz",
    "searchInteractionURIs" : [
    ]
  },
  {
    "platform" : "",
    "searchTime" : "2025-07-15T13:24:50.317Z[UTC]",
    "searchQuery" : "bad bun",
    "searchInteractionURIs" : [
    ]
  },
  {
    "platform" : "",
    "searchTime" : "2025-07-15T13:24:50.385Z[UTC]",
    "searchQuery" : "bad bun",
    "searchInteractionURIs" : [
    ]
  },
  {
    "platform" : "IPHONE",
    "searchTime" : "2025-07-15T13:24:50.960Z[UTC]",
    "searchQuery" : "bad bunny",
    "searchInteractionURIs" : [
      "spotify:artist:4q3ewBCX7sLwd24euuV69X"
    ]
  },
  {
    "platform" : "IPHONE",
    "searchTime" : "2025-07-15T14:42:14.974Z[UTC]",
    "searchQuery" : "chv",
    "searchInteractionURIs" : [
      "spotify:artist:3CjlHNtplJyTf9npxaPl5w"
    ]
  },
  {
    "platform" : "",
    "searchTime" : "2025-07-17T16:33:11.089Z[UTC]",
    "searchQuery" : "try h",
    "searchInteractionURIs" : [
    ]
  },
  {
    "platform" : "",
    "searchTime" : "2025-07-17T16:33:11.161Z[UTC]",
    "searchQuery" : "try h",
    "searchInteractionURIs" : [
    ]
  },
  {
    "platform" : "IPHONE",
    "searchTime" : "2025-07-17T16:33:12.591Z[UTC]",
    "searchQuery" : "try hard",
    "searchInteractionURIs" : [
      "spotify:show:38iYPw2wXafzAPc9iT5zYz"
    ]
  },
  {
    "platform" : "",
    "searchTime" : "2025-07-18T21:26:07.720Z[UTC]",
    "searchQuery" : "anr",
    "searchInteractionURIs" : [
    ]
  },
  {
    "platform" : "IPHONE_ARM64",
    "searchTime" : "2025-07-18T21:26:07.733Z[UTC]",
    "searchQuery" : "a",
    "searchInteractionURIs" : [
    ]
  },
  {
    "platform" : "",
    "searchTime" : "2025-07-18T21:26:07.788Z[UTC]",
    "searchQuery" : "anr",
    "searchInteractionURIs" : [
    ]
  },
  {
    "platform" : "IPHONE",
    "searchTime" : "2025-07-18T21:26:08.505Z[UTC]",
    "searchQuery" : "anry ",
    "searchInteractionURIs" : [
      "spotify:playlist:2h9aIhyq12WTvliYlpPRoh",
      "spotify:playlist:2h9aIhyq12WTvliYlpPRoh",
      "spotify:playlist:37i9dQZF1EIgNZCaOGb0Mi",
      "spotify:playlist:37i9dQZF1EIhuCNl2WSFYd"
    ]
  },
  {
    "platform" : "IPHONE",
    "searchTime" : "2025-07-18T21:33:20.192Z[UTC]",
    "searchQuery" : "angry",
    "searchInteractionURIs" : [
      "spotify:playlist:37i9dQZF1EIcpc1Z28flXB",
      "spotify:playlist:6KE0M34r8jWWtGqpGHQrOo"
    ]
  },
  {
    "platform" : "",
    "searchTime" : "2025-07-18T21:34:33.998Z[UTC]",
    "searchQuery" : "green d",
    "searchInteractionURIs" : [
    ]
  },
  {
    "platform" : "",
    "searchTime" : "2025-07-18T21:34:34.081Z[UTC]",
    "searchQuery" : "green d",
    "searchInteractionURIs" : [
    ]
  },
  {
    "platform" : "IPHONE",
    "searchTime" : "2025-07-18T21:34:34.731Z[UTC]",
    "searchQuery" : "green day",
    "searchInteractionURIs" : [
      "spotify:artist:7oPftvlwr6VrsViSDV7fJY"
    ]
  },
  {
    "platform" : "",
    "searchTime" : "2025-07-21T01:00:36.470Z[UTC]",
    "searchQuery" : "h",
    "searchInteractionURIs" : [
    ]
  },
  {
    "platform" : "",
    "searchTime" : "2025-07-21T01:00:36.567Z[UTC]",
    "searchQuery" : "h",
    "searchInteractionURIs" : [
    ]
  },
  {
    "platform" : "",
    "searchTime" : "2025-07-21T01:00:36.928Z[UTC]",
    "searchQuery" : "ho ",
    "searchInteractionURIs" : [
    ]
  },
  {
    "platform" : "",
    "searchTime" : "2025-07-21T01:00:37.010Z[UTC]",
    "searchQuery" : "ho ",
    "searchInteractionURIs" : [
    ]
  },
  {
    "platform" : "",
    "searchTime" : "2025-07-21T01:00:37.283Z[UTC]",
    "searchQuery" : "ho swe",
    "searchInteractionURIs" : [
    ]
  },
  {
    "platform" : "",
    "searchTime" : "2025-07-21T01:00:37.293Z[UTC]",
    "searchQuery" : "ho swet",
    "searchInteractionURIs" : [
    ]
  },
  {
    "platform" : "",
    "searchTime" : "2025-07-21T01:00:37.323Z[UTC]",
    "searchQuery" : "ho swe",
    "searchInteractionURIs" : [
    ]
  },
  {
    "platform" : "",
    "searchTime" : "2025-07-21T01:00:37.326Z[UTC]",
    "searchQuery" : "ho swet",
    "searchInteractionURIs" : [
    ]
  },
  {
    "platform" : "",
    "searchTime" : "2025-07-21T01:00:37.377Z[UTC]",
    "searchQuery" : "how swe",
    "searchInteractionURIs" : [
    ]
  },
  {
    "platform" : "",
    "searchTime" : "2025-07-21T01:00:37.804Z[UTC]",
    "searchQuery" : "ho swet i",
    "searchInteractionURIs" : [
    ]
  },
  {
    "platform" : "",
    "searchTime" : "2025-07-21T01:00:37.811Z[UTC]",
    "searchQuery" : "ho swet it",
    "searchInteractionURIs" : [
    ]
  },
  {
    "platform" : "",
    "searchTime" : "2025-07-21T01:00:37.814Z[UTC]",
    "searchQuery" : "ho swet ",
    "searchInteractionURIs" : [
    ]
  },
  {
    "platform" : "",
    "searchTime" : "2025-07-21T01:00:37.844Z[UTC]",
    "searchQuery" : "ho swet ",
    "searchInteractionURIs" : [
    ]
  },
  {
    "platform" : "",
    "searchTime" : "2025-07-21T01:00:37.846Z[UTC]",
    "searchQuery" : "ho swet it",
    "searchInteractionURIs" : [
    ]
  },
  {
    "platform" : "",
    "searchTime" : "2025-07-21T01:00:37.852Z[UTC]",
    "searchQuery" : "ho swet i",
    "searchInteractionURIs" : [
    ]
  },
  {
    "platform" : "IPHONE",
    "searchTime" : "2025-07-21T01:00:37.883Z[UTC]",
    "searchQuery" : "ho sw",
    "searchInteractionURIs" : [
    ]
  },
  {
    "platform" : "",
    "searchTime" : "2025-07-22T13:19:55.241Z[UTC]",
    "searchQuery" : "e",
    "searchInteractionURIs" : [
    ]
  },
  {
    "platform" : "",
    "searchTime" : "2025-07-22T13:19:55.302Z[UTC]",
    "searchQuery" : "e",
    "searchInteractionURIs" : [
    ]
  },
  {
    "platform" : "IPHONE",
    "searchTime" : "2025-07-22T13:19:57.111Z[UTC]",
    "searchQuery" : "rain",
    "searchInteractionURIs" : [
      "spotify:artist:4hz8tIajF2INpgM0qzPJz2"
    ]
  }
]